,strategy,benchmark
2019-01-02 00:00:00+00:00,100000.0,100000.0
2019-01-03 00:00:00+00:00,100000.0,97613.7332548097
2019-01-04 00:00:00+00:00,100000.0,100883.37726538938
2019-01-07 00:00:00+00:00,100000.0,101678.80405903017
2019-01-08 00:00:00+00:00,100000.0,102634.10981100466
2019-01-09 00:00:00+00:00,100000.0,103113.76032173782
2019-01-10 00:00:00+00:00,100000.0,103477.50029214556
2019-01-11 00:00:00+00:00,100000.0,103517.48025852803
2019-01-14 00:00:00+00:00,100000.0,102885.91405698072
2019-01-15 00:00:00+00:00,100000.0,104065.09807568458
2019-01-16 00:00:00+00:00,100000.0,104316.90232166064
2019-01-17 00:00:00+00:00,100000.0,105108.34748154166
2019-01-18 00:00:00+00:00,100000.0,106507.3258652247
2019-01-22 00:00:00+00:00,100000.0,105068.3470615611
2019-01-23 00:00:00+00:00,100000.0,105288.18915160248
2019-01-24 00:00:00+00:00,100000.0,105344.15701381832
2019-01-25 00:00:00+00:00,100000.0,106235.51118245932
2019-01-28 00:00:00+00:00,100000.0,105428.10539820905
2019-01-29 00:00:00+00:00,100000.0,105288.18915160248
2019-01-30 00:00:00+00:00,100000.0,106955.01422002318
2019-01-31 00:00:00+00:00,100000.0,107894.31844043224
2019-02-01 00:00:00+00:00,100000.0,107946.27057955816
2019-02-04 00:00:00+00:00,100000.0,108705.7604013705
2019-02-05 00:00:00+00:00,100000.0,109161.39157009046
2019-02-06 00:00:00+00:00,100000.0,109017.50050759013
2019-02-07 00:00:00+00:00,100000.0,107978.273642689
2019-02-08 00:00:00+00:00,100000.0,108110.18571457986
2019-02-11 00:00:00+00:00,100000.0,108170.13521055547
2019-02-12 00:00:00+00:00,100000.0,109561.12987312088
2019-02-13 00:00:00+00:00,100000.0,109916.87248667891
2019-02-14 00:00:00+00:00,100000.0,109673.01787249037
2019-02-15 00:00:00+00:00,100000.0,110868.18978702759
2019-02-19 00:00:00+00:00,100000.0,111060.04453702804
2019-02-20 00:00:00+00:00,100000.0,111283.8955322933
2019-02-21 00:00:00+00:00,100000.0,110888.20704168294
2019-02-22 00:00:00+00:00,100000.0,111575.7001982499
2019-02-25 00:00:00+00:00,100000.0,111727.56816400186
2019-02-26 00:00:00+00:00,100000.0,111647.63550270103
2019-02-27 00:00:00+00:00,100000.0,111599.68545093297
2019-02-28 00:00:00+00:00,100000.0,111391.78144430491
2019-03-01 00:00:00+00:00,100000.0,112087.34013638187
2019-03-04 00:00:00+00:00,100000.0,111679.59765863571
2019-03-05 00:00:00+00:00,100000.0,111527.70242141966
2019-03-06 00:00:00+00:00,100000.0,110852.1950733282
2019-03-07 00:00:00+00:00,100000.0,109924.87666139464
2019-03-08 00:00:00+00:00,100000.0,109705.01411775518
2019-03-11 00:00:00+00:00,100000.0,111295.88815863483
2019-03-12 00:00:00+00:00,100000.0,111715.58235552635
2019-03-13 00:00:00+00:00,100000.0,112455.02083335322
2019-03-14 00:00:00+00:00,100000.0,112383.09234676811
2019-03-15 00:00:00+00:00,100000.0,112938.34617387495
2019-03-18 00:00:00+00:00,100000.0,113347.834025324
2019-03-19 00:00:00+00:00,100000.0,113375.95090481946
2019-03-20 00:00:00+00:00,100000.0,113034.68943870282
2019-03-21 00:00:00+00:00,100000.0,114311.38257732517
2019-03-22 00:00:00+00:00,100000.0,112111.30493546685
2019-03-25 00:00:00+00:00,100000.0,112027.02929350681
2019-03-26 00:00:00+00:00,100000.0,112862.0406173005
2019-03-27 00:00:00+00:00,100000.0,112271.87249826928
2019-03-28 00:00:00+00:00,100000.0,112697.47778500622
2019-03-29 00:00:00+00:00,100000.0,113408.08350740482
2019-04-01 00:00:00+00:00,100000.0,114752.98939562753
2019-04-02 00:00:00+00:00,100000.0,114809.22315461843
2019-04-03 00:00:00+00:00,100000.0,114989.86933287044
2019-04-04 00:00:00+00:00,100000.0,115294.9824733118
2019-04-05 00:00:00+00:00,100000.0,115853.01117189163
2019-04-08 00:00:00+00:00,100000.0,115941.32980840569
2019-04-09 00:00:00+00:00,100000.0,115347.18005561469
2019-04-10 00:00:00+00:00,100000.0,115740.61183257012
2019-04-11 00:00:00+00:00,100000.0,115708.47241211873
2019-04-12 00:00:00+00:00,100000.0,116491.3543322698
2019-04-15 00:00:00+00:00,100000.0,116415.0896828915
2019-04-16 00:00:00+00:00,100000.0,116491.3543322698
2019-04-17 00:00:00+00:00,100000.0,116206.32662514405
2019-04-18 00:00:00+00:00,100000.0,116435.1205732789
2019-04-22 00:00:00+00:00,100000.0,116535.5068326608
2019-04-23 00:00:00+00:00,100000.0,117583.38556955021
2019-04-24 00:00:00+00:00,100000.0,117322.4112937678
2019-04-25 00:00:00+00:00,100000.0,117250.14191388135
2019-04-26 00:00:00+00:00,100000.0,117796.15753252157
2019-04-29 00:00:00+00:00,100000.0,117980.7717088013
2019-04-30 00:00:00+00:00,100000.0,118041.02800874814
2019-05-01 00:00:00+00:00,100000.0,117153.77819545541
2019-05-02 00:00:00+00:00,100000.0,116900.9035445131
2019-05-03 00:00:00+00:00,100000.0,118045.07782116819
2019-05-06 00:00:00+00:00,100000.0,117559.31850247482
2019-05-07 00:00:00+00:00,100000.0,115596.07307279723
2019-05-08 00:00:00+00:00,100000.0,115435.47142066465
2019-05-09 00:00:00+00:00,100000.0,115086.24668702846
2019-05-10 00:00:00+00:00,100000.0,115664.37445465595
2019-05-13 00:00:00+00:00,100000.0,112757.6931777569
2019-05-14 00:00:00+00:00,100000.0,113777.38003862457
2019-05-15 00:00:00+00:00,100000.0,114443.85371423024
2019-05-16 00:00:00+00:00,100000.0,115503.73189532722
2019-05-17 00:00:00+00:00,100000.0,114757.01193658348
2019-05-20 00:00:00+00:00,100000.0,113998.23117283794
2019-05-21 00:00:00+00:00,100000.0,115025.97675134956
2019-05-22 00:00:00+00:00,100000.0,114672.68856956126
2019-05-23 00:00:00+00:00,100000.0,113271.56937594572
2019-05-24 00:00:00+00:00,100000.0,113528.45974997795
2019-05-28 00:00:00+00:00,100000.0,112472.62456343499
2019-05-29 00:00:00+00:00,100000.0,111717.85952277937
2019-05-30 00:00:00+00:00,100000.0,112022.95902748869
2019-05-31 00:00:00+00:00,100000.0,110513.40849257937
2019-06-03 00:00:00+00:00,100000.0,110232.41696214162
2019-06-04 00:00:00+00:00,100000.0,112625.1606800576
2019-06-05 00:00:00+00:00,100000.0,113600.77685492659
2019-06-06 00:00:00+00:00,100000.0,114339.43809602637
2019-06-07 00:00:00+00:00,100000.0,115483.66009774366
2019-06-10 00:00:00+00:00,100000.0,116013.62645975625
2019-06-11 00:00:00+00:00,100000.0,115985.50958026081
2019-06-12 00:00:00+00:00,100000.0,115780.75542773724
2019-06-13 00:00:00+00:00,100000.0,116258.51057171488
2019-06-14 00:00:00+00:00,100000.0,116130.04834003371
2019-06-17 00:00:00+00:00,100000.0,116174.22811188882
2019-06-18 00:00:00+00:00,100000.0,117390.65813269831
2019-06-19 00:00:00+00:00,100000.0,117655.62767797254
2019-06-20 00:00:00+00:00,100000.0,118779.7574285082
2019-06-21 00:00:00+00:00,100000.0,118607.11542497191
2019-06-24 00:00:00+00:00,100000.0,118461.85397140014
2019-06-25 00:00:00+00:00,100000.0,117300.04869319916
2019-06-26 00:00:00+00:00,100000.0,117183.01320497927
2019-06-27 00:00:00+00:00,100000.0,117598.52123213021
2019-06-28 00:00:00+00:00,100000.0,118203.66138495677
2019-07-01 00:00:00+00:00,100000.0,119276.82076907437
2019-07-02 00:00:00+00:00,100000.0,119587.38820233736
2019-07-03 00:00:00+00:00,100000.0,120543.5666411633
2019-07-05 00:00:00+00:00,100000.0,120406.35026950343
2019-07-08 00:00:00+00:00,100000.0,119744.77182170517
2019-07-09 00:00:00+00:00,100000.0,119894.01490903672
2019-07-10 00:00:00+00:00,100000.0,120466.87928409134
2019-07-11 00:00:00+00:00,100000.0,120749.27529493066
2019-07-12 00:00:00+00:00,100000.0,121289.90479940952
2019-07-15 00:00:00+00:00,100000.0,121330.19838762922
2019-07-16 00:00:00+00:00,100000.0,120938.88014914218
2019-07-17 00:00:00+00:00,100000.0,120115.89554102017
2019-07-18 00:00:00+00:00,100000.0,120555.63426403113
2019-07-19 00:00:00+00:00,100000.0,119885.95619139278
2019-07-22 00:00:00+00:00,100000.0,120180.47436802814
2019-07-23 00:00:00+00:00,100000.0,121039.74365914597
2019-07-24 00:00:00+00:00,100000.0,121608.64003617287
2019-07-25 00:00:00+00:00,100000.0,121027.66240054609
2019-07-26 00:00:00+00:00,100000.0,121838.55211433615
2019-07-29 00:00:00+00:00,100000.0,121616.6714823527
2019-07-30 00:00:00+00:00,100000.0,121318.06258610112
2019-07-31 00:00:00+00:00,100000.0,119990.82860662045
2019-08-01 00:00:00+00:00,100000.0,118945.97700224703
2019-08-02 00:00:00+00:00,100000.0,118050.34121374105
2019-08-05 00:00:00+00:00,100000.0,114500.25110200577
2019-08-06 00:00:00+00:00,100000.0,116105.84491563778
2019-08-07 00:00:00+00:00,100000.0,116174.48719079784
2019-08-08 00:00:00+00:00,100000.0,118453.78161802415
2019-08-09 00:00:00+00:00,100000.0,117646.96898811823
2019-08-12 00:00:00+00:00,100000.0,116214.7671432855
2019-08-13 00:00:00+00:00,100000.0,118022.11524838918
2019-08-14 00:00:00+00:00,100000.0,114532.45870111743
2019-08-15 00:00:00+00:00,100000.0,114835.09013832496
2019-08-16 00:00:00+00:00,100000.0,116529.4525676288
2019-08-19 00:00:00+00:00,100000.0,117933.37390418144
2019-08-20 00:00:00+00:00,100000.0,117029.69303376357
2019-08-21 00:00:00+00:00,100000.0,117981.82166016947
2019-08-22 00:00:00+00:00,100000.0,117945.45516278132
2019-08-23 00:00:00+00:00,100000.0,114915.7591291567
2019-08-26 00:00:00+00:00,100000.0,116186.55481366567
2019-08-27 00:00:00+00:00,100000.0,115730.68501963477
2019-08-28 00:00:00+00:00,100000.0,116545.6245458449
2019-08-29 00:00:00+00:00,100000.0,118034.19650698906
2019-08-30 00:00:00+00:00,100000.0,117981.82166016947
2019-09-03 00:00:00+00:00,100000.0,117291.9081611629
2019-09-04 00:00:00+00:00,100000.0,118623.23286025978
2019-09-05 00:00:00+00:00,100000.0,120148.1713187921
2019-09-06 00:00:00+00:00,100000.0,120240.97611115195
2019-09-09 00:00:00+00:00,100000.0,120301.4642185437
2019-09-10 00:00:00+00:00,100000.0,120273.23825319181
2019-09-11 00:00:00+00:00,100000.0,121128.52591054987
2019-09-12 00:00:00+00:00,100000.0,121548.05647865674
2019-09-13 00:00:00+00:00,100000.0,121467.37385209295
2019-09-16 00:00:00+00:00,100000.0,121092.2003203579
2019-09-17 00:00:00+00:00,100000.0,121398.8133913252
2019-09-18 00:00:00+00:00,100000.0,121471.41002878094
2019-09-19 00:00:00+00:00,100000.0,121463.36494686906
2019-09-20 00:00:00+00:00,100000.0,120889.46425617831
2019-09-23 00:00:00+00:00,100000.0,120861.12920497001
2019-09-24 00:00:00+00:00,100000.0,119912.69586195076
2019-09-25 00:00:00+00:00,100000.0,120621.97210047407
2019-09-26 00:00:00+00:00,100000.0,120370.70646591415
2019-09-27 00:00:00+00:00,100000.0,119722.23195661983
2019-09-30 00:00:00+00:00,100000.0,120277.45169439651
2019-10-01 00:00:00+00:00,100000.0,118846.80432301795
2019-10-02 00:00:00+00:00,100000.0,116747.37883731657
2019-10-03 00:00:00+00:00,100000.0,117703.91180517593
2019-10-04 00:00:00+00:00,100000.0,119296.68803067712
2019-10-07 00:00:00+00:00,100000.0,118781.9527813689
2019-10-08 00:00:00+00:00,100000.0,116937.89728557573
2019-10-09 00:00:00+00:00,100000.0,118048.36403259322
2019-10-10 00:00:00+00:00,100000.0,118846.80432301795
2019-10-11 00:00:00+00:00,100000.0,120078.88816422549
2019-10-14 00:00:00+00:00,100000.0,119945.1489042394
2019-10-15 00:00:00+00:00,100000.0,121132.64390163019
2019-10-16 00:00:00+00:00,100000.0,120938.07564095099
2019-10-17 00:00:00+00:00,100000.0,121294.71821282459
2019-10-18 00:00:00+00:00,99270.1844677393,120763.81098530027
2019-10-21 00:00:00+00:00,100796.23845187928,121582.52760928938
2019-10-22 00:00:00+00:00,100567.64047879512,121185.33237028703
2019-10-23 00:00:00+00:00,101372.46690078567,121537.89785827647
2019-10-24 00:00:00+00:00,101772.25444109044,121736.52956710778
2019-10-25 00:00:00+00:00,103552.60701857092,122234.99738807553
2019-10-28 00:00:00+00:00,104411.51542380478,122923.97002157036
2019-10-29 00:00:00+00:00,102925.64255447034,122887.548981254
2019-10-30 00:00:00+00:00,102744.49316398901,123264.42697949581
2019-10-31 00:00:00+00:00,102956.93579821086,122936.17400175874
2019-11-01 00:00:00+00:00,104989.14584306313,124074.98943571659
2019-11-04 00:00:00+00:00,106861.52601062125,124573.4981638805
2019-11-05 00:00:00+00:00,106733.48129687714,124435.76363440257
2019-11-06 00:00:00+00:00,106462.01593190552,124464.11232134294
2019-11-07 00:00:00+00:00,107184.25282078674,124901.77841308169
2019-11-08 00:00:00+00:00,107314.573231316,125209.82323591466
2019-11-11 00:00:00+00:00,107373.47052181294,124970.734310079
2019-11-12 00:00:00+00:00,107556.54966028835,125234.16301763114
2019-11-13 00:00:00+00:00,107695.67503951595,125274.6475060996
2019-11-14 00:00:00+00:00,108008.13879771846,125457.0526937866
2019-11-15 00:00:00+00:00,108141.11549012302,126364.89246248094
2019-11-18 00:00:00+00:00,109341.1562618431,126458.14723399858
2019-11-19 00:00:00+00:00,108292.75600615566,126421.6443792899
2019-11-20 00:00:00+00:00,108122.9395826431,125951.51160953045
2019-11-21 00:00:00+00:00,107742.0282230734,125748.88463120731
2019-11-22 00:00:00+00:00,108045.16987734665,126028.52622417171
2019-11-25 00:00:00+00:00,110629.42987450461,127005.2537112031
2019-11-26 00:00:00+00:00,109675.57859082847,127292.98129327556
2019-11-27 00:00:00+00:00,110509.52185298648,127860.43228270473
2019-11-29 00:00:00+00:00,110089.41758264077,127386.24970052524
2019-12-02 00:00:00+00:00,108115.10484225648,126304.0770975199
2019-12-03 00:00:00+00:00,107363.78330181996,125457.0526937866
2019-12-04 00:00:00+00:00,108659.61683268179,126231.1668382269
2019-12-05 00:00:00+00:00,109298.12018912651,126458.14723399858
2019-12-06 00:00:00+00:00,110935.74035079492,127613.2028248328
2019-12-09 00:00:00+00:00,110301.13092824329,127211.94413767835
2019-12-10 00:00:00+00:00,110854.98964989059,127070.07798138805
2019-12-11 00:00:00+00:00,111666.91736511026,127430.78400141375
2019-12-12 00:00:00+00:00,113988.56072312852,128529.14221836725
2019-12-13 00:00:00+00:00,114147.21509780143,128606.15683300851
2019-12-16 00:00:00+00:00,115142.81674121784,129489.68409145049
2019-12-17 00:00:00+00:00,115985.6543607233,129518.03277839086
2019-12-18 00:00:00+00:00,116061.2948706263,129526.14603896301
2019-12-19 00:00:00+00:00,116919.80099716337,130057.06690221939
2019-12-20 00:00:00+00:00,117473.33155383616,130627.28594525554
2019-12-23 00:00:00+00:00,118011.9282143244,130826.84488386652
2019-12-24 00:00:00+00:00,118125.63045403658,130830.90833201862
2019-12-26 00:00:00+00:00,119426.08887817664,131527.36698241113
2019-12-27 00:00:00+00:00,119060.0949411198,131494.80485426605
2019-12-30 00:00:00+00:00,118411.83413177321,130769.8475238806
2019-12-31 00:00:00+00:00,119426.76696472464,131087.51917354373
2020-01-02 00:00:00+00:00,121599.52463291827,132313.41239239872
2020-01-03 00:00:00+00:00,120021.54083517255,131311.45880106735
2020-01-06 00:00:00+00:00,120479.98134443452,131812.4492324651
2020-01-07 00:00:00+00:00,120106.21683459872,131441.84367096814
2020-01-08 00:00:00+00:00,121136.81747280675,132142.39304097687
2020-01-09 00:00:00+00:00,122589.77461035657,133038.35608705215
2020-01-10 00:00:00+00:00,122497.16601320161,132655.56018109887
2020-01-13 00:00:00+00:00,124997.71551136811,133567.8315627108
2020-01-14 00:00:00+00:00,124110.15718913742,133364.22281167976
2020-01-15 00:00:00+00:00,124372.2779013674,133665.58612580627
2020-01-16 00:00:00+00:00,126066.22538063121,134777.45735322533
2020-01-17 00:00:00+00:00,126262.23144694712,135196.97428560012
2020-01-21 00:00:00+00:00,126047.38742724503,134932.2092763067
2020-01-22 00:00:00+00:00,126566.88984183344,134948.51761184333
2020-01-23 00:00:00+00:00,127068.70183296339,135103.28317065677
2020-01-24 00:00:00+00:00,125610.09567324044,133901.79791217853
2020-01-27 00:00:00+00:00,121411.70713997405,131755.42460101508
2020-01-28 00:00:00+00:00,124128.68553525847,133136.16519307584
2020-01-29 00:00:00+00:00,124186.33955835665,133026.15210686377
2020-01-30 00:00:00+00:00,123882.61658560086,133457.90029089106
2020-01-31 00:00:00+00:00,119218.08081983749,131034.54435451377
2020-02-03 00:00:00+00:00,119998.75598865448,132007.95835865603
2020-02-04 00:00:00+00:00,123444.58983166947,134019.88335176656
2020-02-05 00:00:00+00:00,126556.00016003073,135567.59348282914
2020-02-06 00:00:00+00:00,127169.87236202238,136023.76326296522
2020-02-07 00:00:00+00:00,125679.93261398052,135298.81956831182
2020-02-10 00:00:00+00:00,127480.0599008552,136308.85914875125
2020-02-11 00:00:00+00:00,128587.86607483828,136545.0709351235
2020-02-12 00:00:00+00:00,132179.16719990392,137424.7938243224
2020-02-13 00:00:00+00:00,131395.7192649739,137278.16879754525
2020-02-14 00:00:00+00:00,133979.31876135472,137498.09951984495
2020-02-18 00:00:00+00:00,134761.88161751494,137143.74775095645
2020-02-19 00:00:00+00:00,138772.61033390963,137799.50374116763
2020-02-20 00:00:00+00:00,136894.39294173222,137233.36178201565
2020-02-21 00:00:00+00:00,133542.7918568131,135820.1272404701
2020-02-24 00:00:00+00:00,124781.56135776926,131315.57679214768
2020-02-25 00:00:00+00:00,119510.05443901605,127336.41109986769
2020-02-26 00:00:00+00:00,120932.84015905333,126868.05097527528
2020-02-27 00:00:00+00:00,114634.66328229761,121170.22397917115
2020-02-28 00:00:00+00:00,118363.11841003732,120661.14755866535
2020-03-02 00:00:00+00:00,125523.20218264918,125886.51007482881
2020-03-03 00:00:00+00:00,120600.13422650807,122282.05429939405
2020-03-04 00:00:00+00:00,126762.45844777221,127421.96168277478
2020-03-05 00:00:00+00:00,122649.30571364616,123186.2396918979
2020-03-06 00:00:00+00:00,119862.20425348238,121149.82492401829
2020-03-09 00:00:00+00:00,110894.5392426077,111688.71996337987
2020-03-10 00:00:00+00:00,118443.58541331286,117468.02727637297
2020-03-11 00:00:00+00:00,113087.33754146135,111741.62660374958
2020-03-12 00:00:00+00:00,101197.67963681086,101050.51725104188
2020-03-13 00:00:00+00:00,112755.1982587827,109688.95122539552
2020-03-16 00:00:00+00:00,95099.5942571093,97686.37761732763
2020-03-17 00:00:00+00:00,102141.82649398412,102960.68559369909
2020-03-18 00:00:00+00:00,97506.6266080589,97747.4725147958
2020-03-19 00:00:00+00:00,99494.08763551872,97955.19243904111
2020-03-20 00:00:00+00:00,96293.75072510682,93733.88341694538
2020-03-23 00:00:00+00:00,98447.92302526797,91337.27396899207
2020-03-24 00:00:00+00:00,104945.238629456,99612.72475606698
2020-03-25 00:00:00+00:00,101851.59402815335,101103.94886709565
2020-03-26 00:00:00+00:00,104985.63578459994,107007.39588470879
2020-03-27 00:00:00+00:00,102836.93718023623,103820.0980600035
2020-03-30 00:00:00+00:00,108147.37816998416,107191.71007488335
2020-03-31 00:00:00+00:00,107045.39017293906,105594.00453224462
2020-04-01 00:00:00+00:00,102187.44418238313,100841.76101116044
2020-04-02 00:00:00+00:00,104814.11631704107,103168.7259576477
2020-04-03 00:00:00+00:00,102685.59195581735,101677.51548235107
2020-04-06 00:00:00+00:00,110267.60902759845,108506.78098137182
2020-04-07 00:00:00+00:00,108838.9117357153,108617.40767552631
2020-04-08 00:00:00+00:00,110864.53434274832,112263.51379452016
2020-04-09 00:00:00+00:00,110314.1219460254,113971.9278457057
2020-04-13 00:00:00+00:00,113631.82362712407,112931.31013613506
2020-04-14 00:00:00+00:00,119487.46286179384,116261.98768338867
2020-04-15 00:00:00+00:00,119082.49962306152,113791.6430143531
2020-04-16 00:00:00+00:00,123979.91763705724,114340.5834975189
2020-04-17 00:00:00+00:00,123397.76612305058,117429.54724051645
2020-04-20 00:00:00+00:00,122184.118960611,115360.69306608026
2020-04-21 00:00:00+00:00,116897.40656041051,111857.94621603662
2020-04-22 00:00:00+00:00,121185.43899094546,114340.5834975189
2020-04-23 00:00:00+00:00,121010.11526508455,114332.3816046884
2020-04-24 00:00:00+00:00,122711.14765189849,115926.0441527731
2020-04-27 00:00:00+00:00,123068.76217074497,117597.5121879582
2020-04-28 00:00:00+00:00,120215.52839599745,117056.75996189086
2020-04-29 00:00:00+00:00,124001.44175827254,120121.13166212892
2020-04-30 00:00:00+00:00,125271.00478296584,119002.70164759186
2020-05-01 00:00:00+00:00,119650.77037551338,115852.28847809277
2020-05-04 00:00:00+00:00,122361.94054828426,116171.86913024347
2020-05-05 00:00:00+00:00,123175.28413150551,117245.20577887779
2020-05-06 00:00:00+00:00,124738.27042650909,116450.4062289115
2020-05-07 00:00:00+00:00,126264.72856475171,117855.63659574132
2020-05-08 00:00:00+00:00,127796.94931694826,119805.68263679059
2020-05-11 00:00:00+00:00,130180.8484282729,119830.26786168404
2020-05-12 00:00:00+00:00,126840.42382572978,117441.83303509715
2020-05-13 00:00:00+00:00,126274.56125308605,115364.77014996442
2020-05-14 00:00:00+00:00,128191.24503784685,116745.4152919008
2020-05-15 00:00:00+00:00,131676.99175732915,117282.07679835193
2020-05-18 00:00:00+00:00,133795.31753407436,120854.43406053146
2020-05-19 00:00:00+00:00,134196.73494568162,119613.1051929913
2020-05-20 00:00:00+00:00,136544.80154389344,121645.08834795334
2020-05-21 00:00:00+00:00,134069.46232926485,120805.29088220869
2020-05-22 00:00:00+00:00,135182.41057273914,121034.67116682186
2020-05-26 00:00:00+00:00,132889.44619365144,122525.92936718068
2020-05-27 00:00:00+00:00,131775.81737278943,124348.98583561061
2020-05-28 00:00:00+00:00,131312.25442471204,124119.57827953332
2020-05-29 00:00:00+00:00,134468.0053793595,124672.62993591343
2020-06-01 00:00:00+00:00,134552.33056341085,125176.49750677457
2020-06-02 00:00:00+00:00,135181.5165142551,126212.9767716668
2020-06-03 00:00:00+00:00,135115.58714189372,127892.66715328049
2020-06-04 00:00:00+00:00,134201.61203644067,127556.73725839698
2020-06-05 00:00:00+00:00,136437.42400931104,130825.958561283
2020-06-08 00:00:00+00:00,136880.37699217658,132407.29440759085
2020-06-09 00:00:00+00:00,139864.51686647293,131420.0128639496
2020-06-10 00:00:00+00:00,144076.0744333776,130686.6422868868
2020-06-11 00:00:00+00:00,136939.3798316981,123152.69579104496
2020-06-12 00:00:00+00:00,137769.07132819598,124627.53657001069
2020-06-15 00:00:00+00:00,139809.8689247716,125791.03267898638
2020-06-16 00:00:00+00:00,140645.85064554776,128212.19326250297
2020-06-17 00:00:00+00:00,141944.7935942437,127679.608839936
2020-06-18 00:00:00+00:00,142168.96619824794,127728.82019691906
2020-06-19 00:00:00+00:00,143338.7383730523,126998.88582433386
2020-06-22 00:00:00+00:00,145486.2742215666,127813.57990736702
2020-06-23 00:00:00+00:00,146605.87432831447,128401.97538123121
2020-06-24 00:00:00+00:00,143313.70918450228,125126.63163465292
2020-06-25 00:00:00+00:00,145308.9005160247,126468.0195040057
2020-06-26 00:00:00+00:00,138535.66214601032,123464.23136128376
2020-06-29 00:00:00+00:00,139463.27290096166,125278.8609473043
2020-06-30 00:00:00+00:00,142879.37587999162,126883.622981281
2020-07-01 00:00:00+00:00,145036.8935781082,127772.38636083175
2020-07-02 00:00:00+00:00,145651.12439307565,128476.03104201674
2020-07-06 00:00:00+00:00,150953.2566705233,130459.375540742
2020-07-07 00:00:00+00:00,149975.65881235685,129113.8424088448
2020-07-08 00:00:00+00:00,154222.72077237334,130101.3966671271
2020-07-09 00:00:00+00:00,157619.3210530013,129360.71733768331
2020-07-10 00:00:00+00:00,157849.01609533894,130681.58343029475
2020-07-13 00:00:00+00:00,153850.08314747855,129549.99493432554
2020-07-14 00:00:00+00:00,156004.1853766877,131228.86717201598
2020-07-15 00:00:00+00:00,154340.6841459622,132434.4567858425
2020-07-16 00:00:00+00:00,153086.39557096225,131998.30426036177
2020-07-17 00:00:00+00:00,152673.87688730532,132380.97744472654
2020-07-20 00:00:00+00:00,159298.54651882782,133450.82334595502
2020-07-21 00:00:00+00:00,156667.50596414084,133734.7465587844
2020-07-22 00:00:00+00:00,156726.28094297316,134495.97493643363
2020-07-23 00:00:00+00:00,150891.35239924755,132891.21290245693
2020-07-24 00:00:00+00:00,151466.24589672263,132035.36618008465
2020-07-27 00:00:00+00:00,154565.09379105197,132998.2261276171
2020-07-28 00:00:00+00:00,151772.57237040697,132154.65156409345
2020-07-29 00:00:00+00:00,154547.530381052,133780.00355347176
2020-07-30 00:00:00+00:00,156215.46988078157,133302.71202438397
2020-07-31 00:00:00+00:00,163616.17005010304,134356.03141836295
2020-08-03 00:00:00+00:00,166132.82460253392,135290.0926997972
2020-08-04 00:00:00+00:00,168054.84498673075,135812.69576650063
2020-08-05 00:00:00+00:00,169712.41119014498,136656.2294228281
2020-08-06 00:00:00+00:00,172277.91378955526,137569.74165605693
2020-08-07 00:00:00+00:00,169248.6435875058,137668.51889905645
2020-08-10 00:00:00+00:00,169561.49753516665,138079.96347805526
2020-08-11 00:00:00+00:00,165069.2652940506,136940.1389999254
2020-08-12 00:00:00+00:00,170502.17343151357,138849.42783786514
2020-08-13 00:00:00+00:00,171825.423894288,138598.4349179463
2020-08-14 00:00:00+00:00,172373.18546199545,138602.55290902662
2020-08-17 00:00:00+00:00,176116.2496580327,139042.8506970518
2020-08-18 00:00:00+00:00,176464.4616548449,139343.16405981014
2020-08-19 00:00:00+00:00,174927.00098948015,138762.99093237455
2020-08-20 00:00:00+00:00,176900.15609759212,139195.0527382391
2020-08-21 00:00:00+00:00,182366.91802231962,139688.85713884435
2020-08-24 00:00:00+00:00,183703.50311924994,141104.32794044676
2020-08-25 00:00:00+00:00,184017.5646447087,141598.1050695879
2020-08-26 00:00:00+00:00,189313.85192618982,143017.7074980027
2020-08-27 00:00:00+00:00,185555.60118014013,143330.47028412638
2020-08-28 00:00:00+00:00,188055.44476179683,144256.2410404718
2020-08-31 00:00:00+00:00,191116.93710793316,143733.67888096455
2020-09-01 00:00:00+00:00,196287.1571127949,145087.4479950224
2020-09-02 00:00:00+00:00,199084.1393687896,147186.0007938723
2020-09-03 00:00:00+00:00,185211.72124508445,142120.7217720234
2020-09-04 00:00:00+00:00,181543.7635984,140960.32097422396
2020-09-08 00:00:00+00:00,171658.0951920722,137108.88118409424
2020-09-09 00:00:00+00:00,178140.18953782128,139816.40577647788
2020-09-10 00:00:00+00:00,172211.34846425167,137388.6864058433
2020-09-11 00:00:00+00:00,169702.01506181486,137458.63771128055
2020-09-14 00:00:00+00:00,174439.8512924253,139269.13567048873
2020-09-15 00:00:00+00:00,176054.1521840466,139972.76671594166
2020-09-16 00:00:00+00:00,170699.1122730025,139417.2742635239
2020-09-17 00:00:00+00:00,168270.168878008,138191.04015136755
2020-09-18 00:00:00+00:00,164253.71376431544,136600.07747822953
2020-09-21 00:00:00+00:00,167494.7133314065,135079.81607579175
2020-09-22 00:00:00+00:00,172027.76750555902,136455.51144699252
2020-09-23 00:00:00+00:00,164924.543414072,133290.97165908542
2020-09-24 00:00:00+00:00,166884.10992661244,133646.27792921773
2020-09-25 00:00:00+00:00,172733.10663578004,135806.92785184179
2020-09-28 00:00:00+00:00,176289.8337233392,138062.57791968636
2020-09-29 00:00:00+00:00,176166.3973673565,137310.71728995827
2020-09-30 00:00:00+00:00,178501.06159212798,138351.7645250886
2020-10-01 00:00:00+00:00,180736.77774537238,139239.98247535716
2020-10-02 00:00:00+00:00,174552.10434752743,137917.95734552114
2020-10-05 00:00:00+00:00,180294.5736963804,140363.71678966325
2020-10-06 00:00:00+00:00,177117.66601939197,138368.27739660605
2020-10-07 00:00:00+00:00,180912.08394932214,140776.83856370472
2020-10-08 00:00:00+00:00,180212.45617189308,142024.43986798974
2020-10-09 00:00:00+00:00,182744.09664194682,143292.79475646105
2020-10-12 00:00:00+00:00,191584.9866400018,145597.99707459004
2020-10-13 00:00:00+00:00,189966.98058138764,144647.8183578679
2020-10-14 00:00:00+00:00,187844.61820141887,143738.9150020733
2020-10-15 00:00:00+00:00,186570.6598639017,143561.2959563373
2020-10-16 00:00:00+00:00,183765.6149958868,143474.51815754533
2020-10-19 00:00:00+00:00,179582.12320384968,141293.22373659146
2020-10-20 00:00:00+00:00,181211.00750171763,141859.2020669588
2020-10-21 00:00:00+00:00,179746.86416544937,141590.68723135052
2020-10-22 00:00:00+00:00,178287.8397022443,142367.33762195287
2020-10-23 00:00:00+00:00,179469.83560955248,142850.6834160727
2020-10-26 00:00:00+00:00,177530.99251415365,140210.8602333374
2020-10-27 00:00:00+00:00,180950.3473491194,139727.45989628934
2020-10-28 00:00:00+00:00,172446.31152559002,134951.72200887604
2020-10-29 00:00:00+00:00,177253.09650353127,136323.29938899647
2020-10-30 00:00:00+00:00,168501.5659458276,134902.16975859163
2020-11-02 00:00:00+00:00,168090.82821944813,136414.23608606492
2020-11-03 00:00:00+00:00,171745.67045489702,138822.72907450332
2020-11-04 00:00:00+00:00,181103.6842895622,141925.33536742095
2020-11-05 00:00:00+00:00,186833.03264618953,144693.2389813399
2020-11-06 00:00:00+00:00,188250.2655033163,144660.17233110886
2020-11-09 00:00:00+00:00,179826.7452438505,146477.96540696593
2020-11-10 00:00:00+00:00,174534.42438707838,146263.17535565057
2020-11-11 00:00:00+00:00,180077.8535771527,147349.6841214491
2020-11-12 00:00:00+00:00,180631.2556539322,145920.22305875923
2020-11-13 00:00:00+00:00,180322.85126224614,147940.41130549452
2020-11-16 00:00:00+00:00,183542.87659337494,149787.09849757413
2020-11-17 00:00:00+00:00,182033.27222975437,148981.49944782103
2020-11-18 00:00:00+00:00,180918.02508115445,147188.50976857028
2020-11-19 00:00:00+00:00,181441.58415610282,147808.26742615877
2020-11-20 00:00:00+00:00,178670.3169343793,146796.0734000548
2020-11-23 00:00:00+00:00,178860.02613188457,147676.0008252345
2020-11-24 00:00:00+00:00,181557.20297535873,150055.6269689145
2020-11-25 00:00:00+00:00,182571.26002444318,149824.2831388855
2020-11-27 00:00:00+00:00,182559.94262119092,150241.5501754714
2020-11-30 00:00:00+00:00,182817.5482948789,149576.35825867884
2020-12-01 00:00:00+00:00,185622.65030321034,151212.3461190593
2020-12-02 00:00:00+00:00,187670.85324150365,151530.49501934432
2020-12-03 00:00:00+00:00,186535.5015959706,151489.16511548852
2020-12-04 00:00:00+00:00,187476.31023741598,152794.63646661094
2020-12-07 00:00:00+00:00,188230.51155424316,152480.66010033444
2020-12-08 00:00:00+00:00,187420.95440806588,152926.83488887493
2020-12-09 00:00:00+00:00,183667.94155965466,151555.2847802186
2020-12-10 00:00:00+00:00,184206.27646404956,151505.7052584701
2020-12-11 00:00:00+00:00,184066.1615962414,151328.0453055379
2020-12-14 00:00:00+00:00,184028.79563102292,150650.5130512364
2020-12-15 00:00:00+00:00,185614.7389618639,152687.24144095325
2020-12-16 00:00:00+00:00,185104.05329850552,152926.83488887493
2020-12-17 00:00:00+00:00,184477.28731888955,153782.0270961086
2020-12-18 00:00:00+00:00,182211.91539343892,153167.95553878663
2020-12-21 00:00:00+00:00,183531.8805641945,152620.33090376406
2020-12-22 00:00:00+00:00,184519.68958099623,152363.13372576062
2020-12-23 00:00:00+00:00,183125.93057721577,152499.9955683871
2020-12-24 00:00:00+00:00,183745.4527168352,153093.28627005868
2020-12-28 00:00:00+00:00,187368.008497781,154408.49353386767
2020-12-29 00:00:00+00:00,185792.69833410048,154113.89354284
2020-12-30 00:00:00+00:00,184672.35155364647,154333.81062940767
2020-12-31 00:00:00+00:00,185617.7284125679,155117.96067263975
2021-01-04 00:00:00+00:00,182576.50269024,153006.20848516154
2021-01-05 00:00:00+00:00,181454.36719479243,154059.99149403034
2021-01-06 00:00:00+00:00,187221.990943222,154981.05792281713
2021-01-07 00:00:00+00:00,190322.10715351024,157283.66945185585
2021-01-08 00:00:00+00:00,190100.90396653546,158179.8097624478
2021-01-11 00:00:00+00:00,190901.38165369304,157113.5364230175
2021-01-12 00:00:00+00:00,192539.23079310817,157146.7667020332
2021-01-13 00:00:00+00:00,192910.1256368344,157569.92437486644
2021-01-14 00:00:00+00:00,195026.5023306597,157018.1408415674
2021-01-15 00:00:00+00:00,190744.13436233567,155873.05297086466
2021-01-19 00:00:00+00:00,191907.7085844462,157096.98264430388
2021-01-20 00:00:00+00:00,193608.2375114658,159270.9683128768
2021-01-21 00:00:00+00:00,191369.9475560462,159416.1615877883
2021-01-22 00:00:00+00:00,190294.87824094074,158851.95590258797
2021-01-25 00:00:00+00:00,188888.11250931976,159478.42234034705
2021-01-26 00:00:00+00:00,187773.41416206222,159229.48841596837
2021-01-27 00:00:00+00:00,181235.0477866081,155337.83685201127
2021-01-28 00:00:00+00:00,181295.5813046532,156673.78406427448
2021-01-29 00:00:00+00:00,177563.8317593398,153537.2520700064
2021-02-01 00:00:00+00:00,181105.89057027578,156092.94278596822
2021-02-02 00:00:00+00:00,184219.33628947235,158300.11782636069
2021-02-03 00:00:00+00:00,192273.70290337256,158424.59842428207
2021-02-04 00:00:00+00:00,194841.07684257574,160225.21047775104
2021-02-05 00:00:00+00:00,198030.40029208502,160855.82217805457
2021-02-08 00:00:00+00:00,201893.20020459735,162017.53200613116
2021-02-09 00:00:00+00:00,200505.55523165956,161909.6870013157
2021-02-10 00:00:00+00:00,201528.69608436775,161839.122087936
2021-02-11 00:00:00+00:00,199721.72728356018,162100.50543568004
2021-02-12 00:00:00+00:00,201770.55808402723,162901.2228933578
2021-02-16 00:00:00+00:00,205911.9022362006,162760.1885167228
2021-02-17 00:00:00+00:00,207453.43839542012,162797.5231510868
2021-02-18 00:00:00+00:00,206191.84847867364,162104.6506982245
2021-02-19 00:00:00+00:00,207253.41229133424,161818.39577521387
2021-02-22 00:00:00+00:00,209303.0139465662,160573.7397890525
2021-02-23 00:00:00+00:00,211045.24113648405,160768.70348596128
2021-02-24 00:00:00+00:00,215235.98055509178,162540.28506588718
2021-02-25 00:00:00+00:00,210799.5632088687,158623.7619266635
2021-02-26 00:00:00+00:00,207393.46564777498,157806.42251161186
2021-03-01 00:00:00+00:00,213162.8235104604,161631.6816961978
2021-03-02 00:00:00+00:00,212338.8824964145,160370.43102412665
2021-03-03 00:00:00+00:00,212402.19834526928,158246.2294132831
2021-03-04 00:00:00+00:00,214833.01920718004,156287.9610258052
2021-03-05 00:00:00+00:00,219983.57806489564,159163.0960365972
2021-03-08 00:00:00+00:00,217681.707944877,158370.71001120447
2021-03-09 00:00:00+00:00,217168.450399475,160631.82800760274
2021-03-10 00:00:00+00:00,220846.29833667722,161631.6816961978
2021-03-11 00:00:00+00:00,222212.33607265732,163270.53306030962
2021-03-12 00:00:00+00:00,222065.0845766571,163490.38196821703
2021-03-15 00:00:00+00:00,219965.62594692782,164465.37771727756
2021-03-16 00:00:00+00:00,218603.33031174366,164257.9509612714
2021-03-17 00:00:00+00:00,219609.5431158524,164818.01138392725
2021-03-18 00:00:00+00:00,215504.60037717066,162419.97700197433
2021-03-19 00:00:00+00:00,214145.5303806236,162119.44546750313
2021-03-22 00:00:00+00:00,211627.87399419062,163413.95369005407
2021-03-23 00:00:00+00:00,210451.61211880017,162127.77689978815
2021-03-24 00:00:00+00:00,212064.96404777406,161303.5787115133
2021-03-25 00:00:00+00:00,212789.62147827935,162211.03667971015
2021-03-26 00:00:00+00:00,215651.56470580702,164825.0610573992
2021-03-29 00:00:00+00:00,214859.44909403022,164741.78764174515
2021-03-30 00:00:00+00:00,214822.6737416009,164304.74879368086
2021-03-31 00:00:00+00:00,213234.06835228612,164970.7043114685
2021-04-01 00:00:00+00:00,218224.60406586435,166752.28088299002
2021-04-05 00:00:00+00:00,220528.29977829018,169145.67911604457
2021-04-06 00:00:00+00:00,219481.2209415229,169045.78374301663
2021-04-07 00:00:00+00:00,221950.19983012544,169241.41559079604
2021-04-08 00:00:00+00:00,221680.42930987364,170044.73747329612
2021-04-09 00:00:00+00:00,222715.56673624335,171280.9938485122
2021-04-12 00:00:00+00:00,221212.55249201358,171343.47277278383
2021-04-13 00:00:00+00:00,220930.1283371318,171851.2810702086
2021-04-14 00:00:00+00:00,221276.9596301628,171264.3446196742
2021-04-15 00:00:00+00:00,222710.86130678796,173104.15940279857
2021-04-16 00:00:00+00:00,222748.39840677023,173682.76442104796
2021-04-19 00:00:00+00:00,222427.08301421042,172829.45394483773
2021-04-20 00:00:00+00:00,218884.87151778833,171564.07164595422
2021-04-21 00:00:00+00:00,220404.82942238208,173187.44645418468
2021-04-22 00:00:00+00:00,217071.60958191147,171605.6742644511
2021-04-23 00:00:00+00:00,220378.86929834605,173466.29717468994
2021-04-26 00:00:00+00:00,221025.05812016694,173828.4485823134
2021-04-27 00:00:00+00:00,221716.34394004493,173790.99122636093
2021-04-28 00:00:00+00:00,226604.56458642997,173741.01626838284
2021-04-29 00:00:00+00:00,230228.95890546578,174848.25134690353
2021-04-30 00:00:00+00:00,226070.48720515668,173699.41364988594
2021-05-03 00:00:00+00:00,227573.39222989237,174074.0281166068
2021-05-04 00:00:00+00:00,227937.78155872776,173000.10513149414
2021-05-05 00:00:00+00:00,231519.53224133753,173054.23898774871
2021-05-06 00:00:00+00:00,234564.6634797166,174436.13861703407
2021-05-07 00:00:00+00:00,236400.38401067854,175705.69344992613
2021-05-10 00:00:00+00:00,234603.4172680385,173965.80131129382
2021-05-11 00:00:00+00:00,230034.49759488206,172413.1823166918
2021-05-12 00:00:00+00:00,227614.48187854022,168750.2428864772
2021-05-13 00:00:00+00:00,229606.9365422837,170777.3444493639
2021-05-14 00:00:00+00:00,234358.6808280975,173399.71389507005
2021-05-17 00:00:00+00:00,236864.3866304115,172958.46160580107
2021-05-18 00:00:00+00:00,232585.9961252339,171468.3488069348
2021-05-19 00:00:00+00:00,230435.17494247967,171018.79235684493
2021-05-20 00:00:00+00:00,231334.3469403392,172858.57986850519
2021-05-21 00:00:00+00:00,230413.42245110433,172717.0682412483
2021-05-24 00:00:00+00:00,235594.00344649973,174477.7821427271
2021-05-25 00:00:00+00:00,234660.72869767947,174090.69098117683
2021-05-26 00:00:00+00:00,236100.41969829815,174436.13861703407
2021-05-27 00:00:00+00:00,236250.81147012708,174527.74346497314
2021-05-28 00:00:00+00:00,234831.0753949969,174839.9199146185
2021-06-01 00:00:00+00:00,238538.62034841938,174685.93159253214
2021-06-02 00:00:00+00:00,238835.99909154835,174960.60977902886
2021-06-03 00:00:00+00:00,237653.78643549012,174311.2625828831
2021-06-04 00:00:00+00:00,240568.91072107924,175905.52510317817
2021-06-07 00:00:00+00:00,239081.59219359903,175734.84664505767
2021-06-08 00:00:00+00:00,239436.75447262928,175772.30400101014
2021-06-09 00:00:00+00:00,238696.5039406548,175510.0616021467
2021-06-10 00:00:00+00:00,237913.93005426956,176325.88745094035
2021-06-11 00:00:00+00:00,238927.69307087874,176617.29668066738
2021-06-14 00:00:00+00:00,240056.30909749217,177012.70563877065
2021-06-15 00:00:00+00:00,241251.7787548452,176688.05249429584
2021-06-16 00:00:00+00:00,240629.5660532783,175701.5209159176
2021-06-17 00:00:00+00:00,242338.74397432953,175643.26906858268
2021-06-18 00:00:00+00:00,239148.47128461886,173273.7606380868
2021-06-21 00:00:00+00:00,241504.68878175487,175754.3321061629
2021-06-22 00:00:00+00:00,246684.97159492044,176693.95676627522
2021-06-23 00:00:00+00:00,248412.972822502,176481.02117451924
2021-06-24 00:00:00+00:00,250017.94184995265,177525.00009204118
2021-06-25 00:00:00+00:00,249010.6381647572,178155.62542807678
2021-06-28 00:00:00+00:00,255654.41216917813,178514.7224317201
2021-06-29 00:00:00+00:00,254226.94356698875,178610.7997997729
2021-06-30 00:00:00+00:00,253585.47750986798,178761.14738140084
2021-07-01 00:00:00+00:00,257036.29001712307,179750.86972107974
2021-07-02 00:00:00+00:00,259220.1837267089,181124.80608284552
2021-07-06 00:00:00+00:00,259862.54482077016,180794.86227433375
2021-07-07 00:00:00+00:00,258233.44545309083,181433.81904265433
2021-07-08 00:00:00+00:00,254726.08045295393,179955.50115201483
2021-07-09 00:00:00+00:00,256965.26651119938,181876.51671952102
2021-07-12 00:00:00+00:00,260404.5893744612,182527.95018267108
2021-07-13 00:00:00+00:00,259210.30765977735,181905.75172904492
2021-07-14 00:00:00+00:00,256989.5189700629,182177.15733984867
2021-07-15 00:00:00+00:00,251657.29876265774,181554.9316147584
2021-07-16 00:00:00+00:00,247405.3758893158,180130.91120915808
2021-07-19 00:00:00+00:00,247364.16969513867,177470.71624273402
2021-07-20 00:00:00+00:00,248878.1443600796,180013.95753533053
2021-07-21 00:00:00+00:00,254403.07149639694,181471.3991201953
2021-07-22 00:00:00+00:00,257002.65132042117,181851.3997010775
2021-07-23 00:00:00+00:00,264414.8275583483,183722.33122474918
2021-07-26 00:00:00+00:00,264573.0360946198,184173.3057909727
2021-07-27 00:00:00+00:00,261672.98482467045,183333.94466865377
2021-07-28 00:00:00+00:00,267073.16759803414,183258.75724210773
2021-07-29 00:00:00+00:00,264047.0483994659,184018.81294680032
2021-07-30 00:00:00+00:00,262132.3320090086,183125.15433944218
2021-08-02 00:00:00+00:00,262333.8171148954,182740.92668162324
2021-08-03 00:00:00+00:00,262935.90913553425,184227.58964027985
2021-08-04 00:00:00+00:00,266551.13272811915,183321.39979516403
2021-08-05 00:00:00+00:00,269895.91195137275,184482.40056517383
2021-08-06 00:00:00+00:00,268495.62096797436,184787.21371950998
2021-08-09 00:00:00+00:00,268470.04172763356,184636.8797736141
2021-08-10 00:00:00+00:00,266696.3136447273,184866.5600443325
2021-08-11 00:00:00+00:00,265016.40500770765,185325.90695003717
2021-08-12 00:00:00+00:00,267188.689672802,185881.31758806264
2021-08-13 00:00:00+00:00,268916.5126983864,186219.59282885943
2021-08-16 00:00:00+00:00,269083.9710480785,186658.0770645214
2021-08-17 00:00:00+00:00,263823.7460720615,185434.52919157973
2021-08-18 00:00:00+00:00,260419.21644591654,183404.91865399506
2021-08-19 00:00:00+00:00,263910.180350197,183688.86913828854
2021-08-20 00:00:00+00:00,270676.6506899199,185150.51052862598
2021-08-23 00:00:00+00:00,278493.4645693949,186779.23054382164
2021-08-24 00:00:00+00:00,279075.07584029797,187075.68499440866
2021-08-25 00:00:00+00:00,282136.9899147993,187468.2577202447
2021-08-26 00:00:00+00:00,280076.63056442613,186361.60897820233
2021-08-27 00:00:00+00:00,286288.1729791387,188027.82725654662
2021-08-30 00:00:00+00:00,288942.4771156447,188854.72531976816
2021-08-31 00:00:00+00:00,287414.54991131346,188574.9200980191
2021-09-01 00:00:00+00:00,288673.7500312454,188675.14272861634
2021-09-02 00:00:00+00:00,285484.41203392646,189255.64311362125
2021-09-03 00:00:00+00:00,287932.05914438923,189209.63615367087
2021-09-07 00:00:00+00:00,289024.4652435238,188533.18112220167
2021-09-08 00:00:00+00:00,286767.5384649428,188303.44630855508
2021-09-09 00:00:00+00:00,285030.4074664604,187497.49272976856
2021-09-10 00:00:00+00:00,284046.14648490277,186019.161203397
2021-09-13 00:00:00+00:00,284036.240627157,186495.2118808679
2021-09-14 00:00:00+00:00,285456.7592490807,185488.75849795865
2021-09-15 00:00:00+00:00,288742.3332969437,187038.1049168677
2021-09-16 00:00:00+00:00,287894.86638398934,186741.62319481658
2021-09-17 00:00:00+00:00,282857.5751618534,184922.56199587847
2021-09-20 00:00:00+00:00,276331.4712586294,181839.12754222885
2021-09-21 00:00:00+00:00,277269.6291304484,181667.358225544
2021-09-22 00:00:00+00:00,282303.95610295614,183439.4852347521
2021-09-23 00:00:00+00:00,285583.485193084,185668.3001819143
2021-09-24 00:00:00+00:00,284440.9281444564,185974.09510895837
2021-09-27 00:00:00+00:00,280228.3127021658,185442.08338713765
2021-09-28 00:00:00+00:00,269224.67743260134,181705.06102467346
2021-09-29 00:00:00+00:00,267618.4938414908,182010.89685891368
2021-09-30 00:00:00+00:00,267370.61778561416,179786.32262442025
2021-10-01 00:00:00+00:00,271656.86154004815,181922.89184423684
2021-10-04 00:00:00+00:00,263484.2618509175,179576.82323714189
2021-10-05 00:00:00+00:00,269947.52117653575,181445.34123624003
2021-10-06 00:00:00+00:00,273428.083571238,182199.438126025
2021-10-07 00:00:00+00:00,276721.8423375124,183774.6378929085
2021-10-08 00:00:00+00:00,276013.4243051049,183439.4852347521
2021-10-11 00:00:00+00:00,274644.5662784389,182111.47401854434
2021-10-12 00:00:00+00:00,272492.0314482184,181663.1720558034
2021-10-13 00:00:00+00:00,275489.6673662938,182316.70542168978
2021-10-14 00:00:00+00:00,283404.3498003036,185383.42246784116
2021-10-15 00:00:00+00:00,284510.6374373388,186795.2388932531
2021-10-18 00:00:00+00:00,287984.2779247102,187348.26327816906
2021-10-19 00:00:00+00:00,288880.17719483015,188793.6099687019
2021-10-20 00:00:00+00:00,286825.7328108447,189535.13471353304
2021-10-21 00:00:00+00:00,290495.88667005964,190029.52545061664
2021-10-22 00:00:00+00:00,287237.6429177269,189832.59820829207
2021-10-25 00:00:00+00:00,288738.44560771174,190850.6555991793
2021-10-26 00:00:00+00:00,297314.42047646485,191022.41128013207
2021-10-27 00:00:00+00:00,298754.129592229,190176.1504773938
2021-10-28 00:00:00+00:00,302591.5028070019,192011.12457563897
2021-10-29 00:00:00+00:00,307145.9921694507,192400.7519833513
2021-11-01 00:00:00+00:00,307441.64294361364,192731.7048360351
2021-11-02 00:00:00+00:00,311346.2502407084,193510.9596514598
2021-11-03 00:00:00+00:00,312605.31229030946,194692.3731123545
2021-11-04 00:00:00+00:00,327067.83210773696,195609.85334361103
2021-11-05 00:00:00+00:00,327175.1865917453,196288.54463513714
2021-11-08 00:00:00+00:00,331701.7256053487,196456.1141463493
2021-11-09 00:00:00+00:00,330722.8764448035,195806.7805859356
2021-11-10 00:00:00+00:00,322175.1982449986,194231.55354758794
2021-11-11 00:00:00+00:00,326035.84613447834,194294.34609369683
2021-11-12 00:00:00+00:00,329554.6291250255,195760.65090439675
2021-11-15 00:00:00+00:00,327835.4650820739,195827.68416317445
2021-11-16 00:00:00+00:00,329179.82728136214,196602.7391731265
2021-11-17 00:00:00+00:00,325983.8099992275,196125.1749293976
2021-11-18 00:00:00+00:00,336745.7640590825,196791.26680450575
2021-11-19 00:00:00+00:00,341403.93248194084,196439.36946738695
2021-11-22 00:00:00+00:00,334665.96392332244,195886.34508247094
2021-11-23 00:00:00+00:00,332821.82266854635,196146.0921423685
2021-11-24 00:00:00+00:00,337350.8142638718,196669.7724319042
2021-11-26 00:00:00+00:00,326608.69267903507,192283.41650902625
2021-11-29 00:00:00+00:00,336060.0850331467,194642.11180400327
2021-11-30 00:00:00+00:00,328535.65594964946,190854.81449745578
2021-12-01 00:00:00+00:00,323940.01450395986,188734.93541367335
2021-12-02 00:00:00+00:00,329308.7900284323,191625.68333766723
2021-12-03 00:00:00+00:00,320947.59269312886,189958.27875063423
2021-12-06 00:00:00+00:00,322082.3069173437,192208.01091076736
2021-12-07 00:00:00+00:00,337153.3306343748,196183.83584869409
2021-12-08 00:00:00+00:00,337742.0711485572,196703.30269702506
2021-12-09 00:00:00+00:00,332048.77452703094,195375.26420935322
2021-12-10 00:00:00+00:00,337328.7586089169,197214.43811307102
2021-12-13 00:00:00+00:00,326676.5750171313,195467.41448657447
2021-12-14 00:00:00+00:00,322677.32508456736,194122.59041274406
2021-12-15 00:00:00+00:00,335505.2306831263,197155.76355804247
2021-12-16 00:00:00+00:00,323477.16290808236,195417.15317822323
2021-12-17 00:00:00+00:00,319341.1461763701,193337.3358752156
2021-12-20 00:00:00+00:00,317396.17213176156,191281.5174606231
2021-12-21 00:00:00+00:00,325137.1328970214,194678.46466565935
2021-12-22 00:00:00+00:00,329560.06513697363,196625.00632357073
2021-12-23 00:00:00+00:00,331100.576614153,197848.43147492397
2021-12-27 00:00:00+00:00,339403.38581152435,200648.40633063405
2021-12-28 00:00:00+00:00,337206.32634707546,200484.43665268412
2021-12-29 00:00:00+00:00,336660.68958249956,200740.8838654246
2021-12-30 00:00:00+00:00,334123.808787546,200185.95047802103
2021-12-31 00:00:00+00:00,332559.7716082249,199681.44202775336
2022-01-03 00:00:00+00:00,338035.37882049265,200837.60211288396
2022-01-04 00:00:00+00:00,330953.65768476215,200770.3234109293
2022-01-05 00:00:00+00:00,321363.4488491969,196915.09288728854
2022-01-06 00:00:00+00:00,317262.095855857,196730.11054624335
2022-01-07 00:00:00+00:00,312257.7377071887,195952.3556613446
2022-01-10 00:00:00+00:00,313647.04227219854,195708.50786502208
2022-01-11 00:00:00+00:00,320563.2661187551,197491.07984498356
2022-01-12 00:00:00+00:00,321990.2951089778,198024.98693355976
2022-01-13 00:00:00+00:00,314429.82083243196,195296.46331381288
2022-01-14 00:00:00+00:00,318071.3506480983,195376.35506791752
2022-01-18 00:00:00+00:00,314014.08368763514,191916.32896639925
2022-01-19 00:00:00+00:00,311072.4442735176,189923.5758125567
2022-01-20 00:00:00+00:00,307767.171325912,187821.47772337272
2022-01-21 00:00:00+00:00,302641.92741916236,184134.38941169044
2022-01-24 00:00:00+00:00,300315.656558637,184916.38500925797
2022-01-25 00:00:00+00:00,300990.2267041284,182658.7441245335
2022-01-26 00:00:00+00:00,300219.54413791274,182200.4744416611
2022-01-27 00:00:00+00:00,301934.3659366777,181300.8024764671
2022-01-28 00:00:00+00:00,309964.9224676776,185803.47119376608
2022-01-31 00:00:00+00:00,315034.2255032326,189149.96619020237
2022-02-01 00:00:00+00:00,320704.39249631914,190428.07062709233
2022-02-02 00:00:00+00:00,323680.842510635,192277.89403754435
2022-02-03 00:00:00+00:00,322600.3515861825,187758.4260983548
2022-02-04 00:00:00+00:00,323561.60834975675,188641.3261131223
2022-02-07 00:00:00+00:00,324501.1185965028,188035.87233845852
2022-02-08 00:00:00+00:00,325808.6807429015,189583.0097687748
2022-02-09 00:00:00+00:00,327247.14676877763,192357.78579164902
2022-02-10 00:00:00+00:00,321093.3169359418,188901.9458598713
2022-02-11 00:00:00+00:00,319657.67994620086,185177.03202747108
2022-02-14 00:00:00+00:00,317341.9569090576,184571.64643146755
2022-02-15 00:00:00+00:00,319349.9619814244,187548.2176530096
2022-02-16 00:00:00+00:00,320081.99194521253,187758.4260983548
2022-02-17 00:00:00+00:00,315441.05937985465,183747.63914344148
2022-02-18 00:00:00+00:00,312722.7181577155,182557.86697879765
2022-02-22 00:00:00+00:00,308514.2294760296,180598.67136154012
2022-02-23 00:00:00+00:00,305578.30475837656,177395.13337995845
2022-02-24 00:00:00+00:00,305156.9192187676,180064.7642729639
2022-02-25 00:00:00+00:00,313642.0262621247,184037.69843569517
2022-02-28 00:00:00+00:00,314600.6387012333,183566.82933640483
2022-03-01 00:00:00+00:00,314438.91617698164,180771.09519336355
2022-03-02 00:00:00+00:00,320404.4207162649,184096.5911624366
2022-03-03 00:00:00+00:00,321140.55577915866,183180.06543242384
2022-03-04 00:00:00+00:00,325924.2961967679,181691.80709311692
2022-03-07 00:00:00+00:00,324873.75578748435,176335.65063509103
2022-03-08 00:00:00+00:00,321628.86487876583,174998.72165011993
2022-03-09 00:00:00+00:00,322057.1746823153,179690.59978540085
2022-03-10 00:00:00+00:00,323491.6487046935,178879.21918525684
2022-03-11 00:00:00+00:00,318750.44212092,176604.72453571355
2022-03-14 00:00:00+00:00,313389.0526634801,175314.0343181377
2022-03-15 00:00:00+00:00,312759.1100816088,179169.26484177847
2022-03-16 00:00:00+00:00,315537.17552029435,183142.22627597387
2022-03-17 00:00:00+00:00,320782.91878414253,185433.4928759436
2022-03-18 00:00:00+00:00,322489.36612077913,187464.5078939298
2022-03-21 00:00:00+00:00,328406.85897604044,187409.6786153405
2022-03-22 00:00:00+00:00,329703.13243389496,189602.63158720057
2022-03-23 00:00:00+00:00,331901.0351279166,187160.88104828235
2022-03-24 00:00:00+00:00,336983.32976969203,189982.22309612113
2022-03-25 00:00:00+00:00,339758.7676944968,190910.02557654263
2022-03-28 00:00:00+00:00,337174.7693375816,192267.96722460902
2022-03-29 00:00:00+00:00,338269.0787444095,194646.44796679643
2022-03-30 00:00:00+00:00,341654.93885498727,193444.58090782067
2022-03-31 00:00:00+00:00,335651.59439021535,190467.1779066233
2022-04-01 00:00:00+00:00,336763.6624272099,191006.9756314469
2022-04-04 00:00:00+00:00,338880.6971698202,192643.2771136646
2022-04-05 00:00:00+00:00,337872.96776744624,190209.89891422755
2022-04-06 00:00:00+00:00,340159.75353858666,188307.95973586495
2022-04-07 00:00:00+00:00,343401.4690249474,189256.843058042
2022-04-08 00:00:00+00:00,346512.85853194323,188750.78013432014
2022-04-11 00:00:00+00:00,337822.2081401857,185524.60683752876
2022-04-12 00:00:00+00:00,339943.22031236585,184837.16140602398
2022-04-13 00:00:00+00:00,345191.9331141407,186954.1906218071
2022-04-14 00:00:00+00:00,345979.4073130441,184626.28480980813
2022-04-18 00:00:00+00:00,345892.7086641729,184702.20856588506
2022-04-19 00:00:00+00:00,346918.96173644334,187683.81137255506
2022-04-20 00:00:00+00:00,350412.1600838355,187544.61781974733
2022-04-21 00:00:00+00:00,347522.4857472956,184740.19771538765
2022-04-22 00:00:00+00:00,339266.0970496502,179671.07341709945
2022-04-25 00:00:00+00:00,336247.04116460145,180712.72062444018
2022-04-26 00:00:00+00:00,332834.2758857182,175479.1493975802
2022-04-27 00:00:00+00:00,335204.10065110313,175972.53109049177
2022-04-28 00:00:00+00:00,342341.10136259353,180417.53429693414
2022-04-29 00:00:00+00:00,333983.8554151757,173750.07039446672
2022-05-02 00:00:00+00:00,333207.8987331855,174795.95831447624
2022-05-03 00:00:00+00:00,335638.0326553329,175597.19392997207
2022-05-04 00:00:00+00:00,343512.9801912283,180944.66442667952
2022-05-05 00:00:00+00:00,337888.0364714306,174513.38503912024
2022-05-06 00:00:00+00:00,338363.8803540299,173471.73783177952
2022-05-09 00:00:00+00:00,327617.8966440235,167917.617815793
2022-05-10 00:00:00+00:00,327098.7336092052,168305.60893565885
2022-05-11 00:00:00+00:00,326815.19325495436,165631.88732303717
2022-05-12 00:00:00+00:00,327409.48386084195,165458.9726048598
2022-05-13 00:00:00+00:00,332946.19684189087,169414.76665239915
2022-05-16 00:00:00+00:00,337130.9322891136,168727.3348566264
2022-05-17 00:00:00+00:00,320836.2453640442,172198.09227927125
2022-05-18 00:00:00+00:00,309073.23414344643,165256.52289105338
2022-05-19 00:00:00+00:00,312249.8452007939,164244.43795080582
2022-05-20 00:00:00+00:00,315825.0038774788,164316.134629946
2022-05-23 00:00:00+00:00,321381.1090320987,167390.4740503156
2022-05-24 00:00:00+00:00,324041.8379379538,166112.64232806672
2022-05-25 00:00:00+00:00,327475.7212910877,167580.2288975797
2022-05-26 00:00:00+00:00,329407.38989145326,170928.75561809205
2022-05-27 00:00:00+00:00,332626.94518093363,175124.87944308398
2022-05-31 00:00:00+00:00,326534.2670753686,174142.26131980523
2022-06-01 00:00:00+00:00,328314.95960210456,172733.71747008627
2022-06-02 00:00:00+00:00,327902.2711043199,176023.16056360843
2022-06-03 00:00:00+00:00,328088.1935313921,173134.32164210212
2022-06-06 00:00:00+00:00,329183.4243543058,173661.47904331158
2022-06-07 00:00:00+00:00,339112.0845615528,175327.28824969425
2022-06-08 00:00:00+00:00,339983.0181880905,173421.08108719872
2022-06-09 00:00:00+00:00,334827.2749712165,169296.7084842752
2022-06-10 00:00:00+00:00,330128.5398062936,164387.8040376221
2022-06-13 00:00:00+00:00,317483.660668018,158146.27949732693
2022-06-14 00:00:00+00:00,315167.66158694745,157669.75156923413
2022-06-15 00:00:00+00:00,314075.6648808364,159917.53381968354
2022-06-16 00:00:00+00:00,303260.3090317089,154624.90623729746
2022-06-17 00:00:00+00:00,285762.0107490291,154958.2453430907
2022-06-21 00:00:00+00:00,303559.0696520891,158859.0737547202
2022-06-22 00:00:00+00:00,291539.4304146483,158571.10072947075
2022-06-23 00:00:00+00:00,282740.39126280654,160125.50600497186
2022-06-24 00:00:00+00:00,287164.15474268363,165216.50201747473
2022-06-27 00:00:00+00:00,293592.21420969145,164585.42670228137
2022-06-28 00:00:00+00:00,298493.21542011574,161222.4870129879
2022-06-29 00:00:00+00:00,294985.2940435879,161091.16127757536
2022-06-30 00:00:00+00:00,290269.94219335873,159782.43098649202
2022-07-01 00:00:00+00:00,294522.4837371779,161472.37543861035
2022-07-05 00:00:00+00:00,286453.03855602525,161777.29767880298
2022-07-06 00:00:00+00:00,286741.4630603186,162323.69509794068
2022-07-07 00:00:00+00:00,290955.39023598825,164754.86430878498
2022-07-08 00:00:00+00:00,292400.7134505822,164619.29786070363
2022-07-11 00:00:00+00:00,291183.0026455776,162738.78041739794
2022-07-12 00:00:00+00:00,288531.5044358966,161298.71075517003
2022-07-13 00:00:00+00:00,285400.6240176903,160451.61817277645
2022-07-14 00:00:00+00:00,282843.3780085582,160061.9634936
2022-07-15 00:00:00+00:00,292913.94283440406,163119.94003550473
2022-07-18 00:00:00+00:00,290060.409331229,161773.08423759826
2022-07-19 00:00:00+00:00,297928.7341299852,166144.11359764746
2022-07-20 00:00:00+00:00,290116.3344925457,167202.91455591217
2022-07-21 00:00:00+00:00,291787.21810657525,168905.58114603692
2022-07-22 00:00:00+00:00,291200.49996378686,167338.4537325294
2022-07-25 00:00:00+00:00,295557.6459319959,167541.76249745523
2022-07-26 00:00:00+00:00,294705.0019246205,165559.59067168663
2022-07-27 00:00:00+00:00,300722.7819422307,169858.55518783018
2022-07-28 00:00:00+00:00,303548.40909423976,171988.98832822245
2022-07-29 00:00:00+00:00,311753.8350560613,174496.38128124885
2022-08-01 00:00:00+00:00,305823.25696518476,173979.68248652483
2022-08-02 00:00:00+00:00,305179.0196993205,172831.8401979472
2022-08-03 00:00:00+00:00,301693.1129504637,175538.30120323063
2022-08-04 00:00:00+00:00,293500.3220763004,175419.69760582453
2022-08-05 00:00:00+00:00,295922.5882043036,175123.21588377337
2022-08-08 00:00:00+00:00,297215.2208539167,174919.90711884754
2022-08-09 00:00:00+00:00,300150.7837638443,174225.31656374643
2022-08-10 00:00:00+00:00,301721.46719417255,177884.76524655518
2022-08-11 00:00:00+00:00,304824.0959859259,177884.76524655518
2022-08-12 00:00:00+00:00,309184.4946879199,180896.1484920312
2022-08-15 00:00:00+00:00,306562.6406492616,181641.55942049774
2022-08-16 00:00:00+00:00,305538.2188430458,181997.37021271605
2022-08-17 00:00:00+00:00,306462.53446964326,180705.56186511178
2022-08-18 00:00:00+00:00,310169.0944547831,181230.76935663752
2022-08-19 00:00:00+00:00,310533.7744844362,178795.38670458854
2022-08-22 00:00:00+00:00,307339.4472865309,175072.42278187207
2022-08-23 00:00:00+00:00,309851.4347779091,174648.8560370772
2022-08-24 00:00:00+00:00,310793.9328694437,175207.92105129312
2022-08-25 00:00:00+00:00,313831.0690647626,177681.44284589728
2022-08-26 00:00:00+00:00,306288.18885378935,171667.08960162255
2022-08-29 00:00:00+00:00,310302.0415858298,170532.0103582475
2022-08-30 00:00:00+00:00,298484.74927270797,168659.9197973512
2022-08-31 00:00:00+00:00,296251.51268773945,167376.57923935252
2022-09-01 00:00:00+00:00,290916.6881736526,167901.78673087823
2022-09-02 00:00:00+00:00,296251.51268773945,166131.377823909
2022-09-06 00:00:00+00:00,295320.6299256059,165504.54322138443
2022-09-07 00:00:00+00:00,295211.8429588764,168477.8145957694
2022-09-08 00:00:00+00:00,298075.887963803,169579.0226807222
2022-09-09 00:00:00+00:00,300102.78279995604,172213.48702076028
2022-09-12 00:00:00+00:00,303809.3771622984,174064.38765404458
2022-09-13 00:00:00+00:00,293612.345684073,166495.60186280461
2022-09-14 00:00:00+00:00,296557.06824758986,167130.91789066678
2022-09-15 00:00:00+00:00,294391.09390159044,165233.4239609538
2022-09-16 00:00:00+00:00,290252.0760621743,163972.89598268154
2022-09-19 00:00:00+00:00,291587.84129467426,165244.5234468458
2022-09-20 00:00:00+00:00,288750.2631190595,163347.73857519962
2022-09-21 00:00:00+00:00,282354.7615027605,160498.32055506157
2022-09-22 00:00:00+00:00,281986.4671928369,159150.18299834203
2022-09-23 00:00:00+00:00,273478.72311105934,156483.6337807808
2022-09-26 00:00:00+00:00,271737.7694902358,154935.58275641687
2022-09-27 00:00:00+00:00,273359.2453826398,154540.07834818924
2022-09-28 00:00:00+00:00,274706.8068036588,157580.8602319738
2022-09-29 00:00:00+00:00,268766.77952889877,154289.15360693066
2022-09-30 00:00:00+00:00,263742.0692873042,151903.29593370197
2022-10-03 00:00:00+00:00,270144.73722412006,155913.7283595819
2022-10-04 00:00:00+00:00,275043.4168688076,160745.00458365132
2022-10-05 00:00:00+00:00,274717.51534232544,160370.73101023183
2022-10-06 00:00:00+00:00,271985.9714255178,158716.38945450663
2022-10-07 00:00:00+00:00,262996.9020516667,154289.15360693066
2022-10-10 00:00:00+00:00,261785.84169893913,153111.10817185332
2022-10-11 00:00:00+00:00,264065.7917121389,152141.45762975796
2022-10-12 00:00:00+00:00,263469.5199366168,151639.59451150877
2022-10-13 00:00:00+00:00,269032.31584005116,155641.60005497927
2022-10-14 00:00:00+00:00,265956.73226010567,152094.70070454464
2022-10-17 00:00:00+00:00,269397.69553529663,156003.069676
2022-10-18 00:00:00+00:00,271477.25323077803,157836.0529573653
2022-10-19 00:00:00+00:00,270602.4005220984,156717.52749270387
2022-10-20 00:00:00+00:00,271084.3258503758,155403.42472319122
2022-10-21 00:00:00+00:00,277162.0634569415,159179.94980141602
2022-10-24 00:00:00+00:00,281857.75901555363,161127.7732181405
2022-10-25 00:00:00+00:00,281054.3868316655,163700.7131351507
2022-10-26 00:00:00+00:00,283394.15610183217,162467.38844232625
2022-10-27 00:00:00+00:00,283240.60691235797,161599.78771892338
2022-10-28 00:00:00+00:00,288847.2675124773,165444.40964302607
2022-10-31 00:00:00+00:00,289502.82336770714,164249.33317861322
2022-11-01 00:00:00+00:00,290873.12857830076,163530.5937420444
2022-11-02 00:00:00+00:00,287344.4165680314,159426.60655854168
2022-11-03 00:00:00+00:00,288787.46803614416,157785.00077655495
2022-11-04 00:00:00+00:00,292665.96112978575,160056.0319501565
2022-11-07 00:00:00+00:00,295348.30618259555,161587.03830945285
2022-11-08 00:00:00+00:00,295949.7229357036,162458.89338125658
2022-11-09 00:00:00+00:00,287954.15548731014,159111.90749846632
2022-11-10 00:00:00+00:00,295339.7575418741,167855.72522799968
2022-11-11 00:00:00+00:00,298648.0516987006,169480.34088784707
2022-11-14 00:00:00+00:00,295002.6562979577,168038.6213020406
2022-11-15 00:00:00+00:00,301193.2201108483,169471.83219104534
2022-11-16 00:00:00+00:00,300982.140976967,168178.98752780497
2022-11-17 00:00:00+00:00,300337.9180363174,167664.38863581727
2022-11-18 00:00:00+00:00,301978.5903338646,168425.64428493063
2022-11-21 00:00:00+00:00,301045.54599288193,167813.2226511872
2022-11-22 00:00:00+00:00,305781.8698609934,170071.46350812205
2022-11-23 00:00:00+00:00,306840.80483338056,171143.191140374
2022-11-25 00:00:00+00:00,307109.0295131249,171104.92927623034
2022-11-28 00:00:00+00:00,302533.12127814867,168374.5784683882
2022-11-29 00:00:00+00:00,304499.89995293756,168085.40549871803
2022-11-30 00:00:00+00:00,306057.3164202649,173380.18752676866
2022-12-01 00:00:00+00:00,304749.54161269986,173252.61161767098
2022-12-02 00:00:00+00:00,302987.13925710565,173052.73905722276
2022-12-05 00:00:00+00:00,296370.4928879793,169939.66052208762
2022-12-06 00:00:00+00:00,292657.5978480234,167489.987622846
2022-12-07 00:00:00+00:00,291877.5753037519,167205.0690015767
2022-12-08 00:00:00+00:00,293776.93739498354,168514.94469415257
2022-12-09 00:00:00+00:00,290155.8248565973,167256.08027519088
2022-12-12 00:00:00+00:00,295841.07330564683,169667.49131028887
2022-12-13 00:00:00+00:00,296490.30045587325,170951.8272767275
2022-12-14 00:00:00+00:00,294741.86649287265,169858.81426673918
2022-12-15 00:00:00+00:00,290479.88790032075,165703.81580962226
2022-12-16 00:00:00+00:00,287448.40477236256,163747.48369609608
2022-12-19 00:00:00+00:00,288481.7267061254,162358.97073676452
2022-12-20 00:00:00+00:00,291180.02395471075,162581.09681192494
2022-12-21 00:00:00+00:00,294287.9006458818,165012.12966544868
2022-12-22 00:00:00+00:00,290049.60876100603,162658.02961217388
2022-12-23 00:00:00+00:00,293239.3523016642,163593.67263852642
2022-12-27 00:00:00+00:00,294973.67516611,162948.5525193174
2022-12-28 00:00:00+00:00,292158.94585485914,160923.4417733106
2022-12-29 00:00:00+00:00,294043.3008451379,163820.10760501592
2022-12-30 00:00:00+00:00,295436.0635243137,163388.60486416562
2023-01-03 00:00:00+00:00,294002.8146374983,162700.7503606992
2023-01-04 00:00:00+00:00,295317.64291143947,163956.86036178598
2023-01-05 00:00:00+00:00,297118.6054706904,162085.54703761675
2023-01-06 00:00:00+00:00,302632.9592907834,165802.51123822946
2023-01-09 00:00:00+00:00,299084.48961740534,165708.52013718092
2023-01-10 00:00:00+00:00,301392.78150691243,166870.58449429093
2023-01-11 00:00:00+00:00,304184.8609982199,168981.1640088125
2023-01-12 00:00:00+00:00,304848.40781688364,169596.380967627
2023-01-13 00:00:00+00:00,311660.40937767277,170254.33231069887
2023-01-17 00:00:00+00:00,314793.9726051764,169942.4558471587
2023-01-18 00:00:00+00:00,307569.6919779643,167259.38012234797
2023-01-19 00:00:00+00:00,303059.79846652417,166041.73652138567
2023-01-20 00:00:00+00:00,311764.6713710414,169134.9614306501
2023-01-23 00:00:00+00:00,320820.8801681119,171164.31288932572
2023-01-24 00:00:00+00:00,323115.1237425682,170980.6395785577
2023-01-25 00:00:00+00:00,323417.04530816607,171044.71388347968
2023-01-26 00:00:00+00:00,331035.860448828,172924.54954018266
2023-01-27 00:00:00+00:00,332578.4236006509,173321.8675007735
2023-01-30 00:00:00+00:00,322984.4195258701,171147.26822425815
2023-01-31 00:00:00+00:00,328031.93211553665,173663.67439617228
2023-02-01 00:00:00+00:00,334256.53397755837,175509.33890834783
2023-02-02 00:00:00+00:00,334534.3325367976,178064.2523875826
2023-02-03 00:00:00+00:00,333614.21811024414,176171.5718712847
2023-02-06 00:00:00+00:00,332209.2316550645,175094.93537549328
2023-02-07 00:00:00+00:00,344406.10122331476,177384.90658091792
2023-02-08 00:00:00+00:00,338736.7597422722,175445.23733196175
2023-02-09 00:00:00+00:00,336595.0002968421,173924.30777865334
2023-02-10 00:00:00+00:00,333406.19895661244,174330.17534324207
2023-02-13 00:00:00+00:00,338987.66176700307,176376.62600991345
2023-02-14 00:00:00+00:00,344337.50502330775,176295.46613272777
2023-02-15 00:00:00+00:00,343401.6727518703,176867.975978749
2023-02-16 00:00:00+00:00,337533.4210924278,174432.70241255645
2023-02-17 00:00:00+00:00,330424.21276841447,173996.94532330526
2023-02-21 00:00:00+00:00,322588.9407654099,170506.36154625384
2023-02-22 00:00:00+00:00,321674.23400878935,170271.43151869465
2023-02-23 00:00:00+00:00,338199.7710151356,171177.15774892064
2023-02-24 00:00:00+00:00,336183.8987613708,169348.6060804729
2023-02-27 00:00:00+00:00,337719.9736320247,169925.370274895
2023-02-28 00:00:00+00:00,340688.4396387541,169297.3084564856
2023-03-01 00:00:00+00:00,336550.800182069,168647.92035314365
2023-03-02 00:00:00+00:00,339089.67516319506,169959.54141942243
2023-03-03 00:00:00+00:00,350973.4525672171,172685.29698556234
2023-03-06 00:00:00+00:00,348453.881194558,172804.93689860456
2023-03-07 00:00:00+00:00,343628.2915467194,170156.0732255174
2023-03-08 00:00:00+00:00,347661.7410452757,170433.77854453016
2023-03-09 00:00:00+00:00,335800.0880068987,167289.2832827425
2023-03-10 00:00:00+00:00,334843.24717760587,164875.40418014274
2023-03-13 00:00:00+00:00,333732.1522535471,164640.41960965536
2023-03-14 00:00:00+00:00,352173.9344399686,167361.8935559303
2023-03-15 00:00:00+00:00,357333.15027053404,166315.21476346164
2023-03-16 00:00:00+00:00,372926.8516730141,169233.22051583155
2023-03-17 00:00:00+00:00,369571.96699727874,167254.43035161236
2023-03-20 00:00:00+00:00,368555.83573360543,168862.69676872695
2023-03-21 00:00:00+00:00,373346.4756355916,171079.93497937528
2023-03-22 00:00:00+00:00,372508.992971776,168163.62005778006
2023-03-23 00:00:00+00:00,381138.87855207664,168618.24900019405
2023-03-24 00:00:00+00:00,381558.62733012217,169724.7477491838
2023-03-27 00:00:00+00:00,376527.18397675647,170042.0785055456
2023-03-28 00:00:00+00:00,374107.0541632207,169660.38709388868
2023-03-29 00:00:00+00:00,382112.77425404824,172126.36832866695
2023-03-30 00:00:00+00:00,387147.5223785692,173134.21255624568
2023-03-31 00:00:00+00:00,393483.15788942686,175574.50407183412
2023-04-03 00:00:00+00:00,394590.1560050644,176243.51399360184
2023-04-04 00:00:00+00:00,393175.5839109908,175265.73655520228
2023-04-05 00:00:00+00:00,387184.62912614585,174806.82599292332
2023-04-06 00:00:00+00:00,394094.14924251573,175488.68077428595
2023-04-10 00:00:00+00:00,394799.55464494956,175668.82243045198
2023-04-11 00:00:00+00:00,389309.6295156136,175716.002063359
2023-04-12 00:00:00+00:00,386480.22285297955,174999.7988729522
2023-04-13 00:00:00+00:00,393099.0480846212,177324.26848047358
2023-04-14 00:00:00+00:00,393502.9185161584,176891.1158160447
2023-04-17 00:00:00+00:00,394288.1587930363,177525.8318716965
2023-04-18 00:00:00+00:00,396674.26619010034,177641.6128725674
2023-04-19 00:00:00+00:00,396638.9567487397,177611.62789778056
2023-04-20 00:00:00+00:00,390020.06703868473,176642.35915618273
2023-04-21 00:00:00+00:00,389821.92846144474,176779.61643503877
2023-04-24 00:00:00+00:00,387573.2483836649,176964.03971106975
2023-04-25 00:00:00+00:00,377653.53527720354,174154.91527915138
2023-04-26 00:00:00+00:00,392278.4551901424,173417.2630822236
2023-04-27 00:00:00+00:00,415359.9319155029,176869.65317379162
2023-04-28 00:00:00+00:00,420014.5809090007,178379.2650694952
2023-05-01 00:00:00+00:00,427356.8800187357,178199.15068479328
2023-05-02 00:00:00+00:00,420671.1219253109,176196.3479964269
2023-05-03 00:00:00+00:00,416468.16194945533,174986.92674189317
2023-05-04 00:00:00+00:00,411840.480553948,173747.50687684058
2023-05-05 00:00:00+00:00,423450.05427936284,176964.03971106975
2023-05-08 00:00:00+00:00,426045.9032278001,177011.17843678058
2023-05-09 00:00:00+00:00,421760.97318217397,176234.93711813985
2023-05-10 00:00:00+00:00,424600.25221094926,177058.3853411517
2023-05-11 00:00:00+00:00,424883.0294577775,176749.59055305575
2023-05-12 00:00:00+00:00,421750.3694644735,176518.00127984982
2023-05-15 00:00:00+00:00,427384.94498832757,177127.00034484765
2023-05-16 00:00:00+00:00,428635.58528327814,175943.30971669994
2023-05-17 00:00:00+00:00,435853.6849530314,178079.07442832534
2023-05-18 00:00:00+00:00,447814.6574994395,179794.55860658092
2023-05-19 00:00:00+00:00,444999.375705483,179532.91617992785
2023-05-22 00:00:00+00:00,447487.03957010823,179605.867346417
2023-05-23 00:00:00+00:00,441456.76709919196,177590.15161979542
2023-05-24 00:00:00+00:00,441504.5890313221,176303.5793932999
2023-05-25 00:00:00+00:00,482653.89306633524,177830.34503992746
2023-05-26 00:00:00+00:00,494250.55897824466,180133.3656409278
2023-05-30 00:00:00+00:00,499033.68397327955,180201.98064462378
2023-05-31 00:00:00+00:00,488373.96215519996,179202.71329250705
2023-06-01 00:00:00+00:00,504925.5462580266,180905.31170397153
2023-06-02 00:00:00+00:00,504456.72656841285,183521.4359843969
2023-06-05 00:00:00+00:00,503310.87924200605,183169.75681899098
2023-06-06 00:00:00+00:00,499802.951830025,183568.57471010776
2023-06-07 00:00:00+00:00,484969.4452195936,182933.872290188
2023-06-08 00:00:00+00:00,490949.044705204,184040.31649624955
2023-06-09 00:00:00+00:00,493054.0864412256,184370.58756233065
2023-06-12 00:00:00+00:00,502404.35764846974,186043.17372754417
2023-06-13 00:00:00+00:00,510380.60556248314,187269.73509726982
2023-06-14 00:00:00+00:00,521613.7541286565,187492.7338592817
2023-06-15 00:00:00+00:00,531044.3625059605,189817.189831071
2023-06-16 00:00:00+00:00,527715.401455831,189170.6379599963
2023-06-20 00:00:00+00:00,532171.8374663483,188189.1925096742
2023-06-21 00:00:00+00:00,525058.0558122508,187224.95535320434
2023-06-22 00:00:00+00:00,530191.3247698926,187900.79677673112
2023-06-23 00:00:00+00:00,526535.0751542224,186480.2534828046
2023-06-26 00:00:00+00:00,511005.7047283733,185718.3569542847
2023-06-27 00:00:00+00:00,523924.88292034285,187754.4581003271
2023-06-28 00:00:00+00:00,519529.6690703107,187849.1446237104
2023-06-29 00:00:00+00:00,514450.5186451273,188589.49669558488
2023-06-30 00:00:00+00:00,527240.1109597315,190814.99815985796
2023-07-03 00:00:00+00:00,526928.6813333664,191034.56071739222
2023-07-05 00:00:00+00:00,531846.0020532232,190750.44660431411
2023-07-06 00:00:00+00:00,526782.7030541427,189256.76124364967
2023-07-07 00:00:00+00:00,529469.286812936,188778.9242852797
2023-07-10 00:00:00+00:00,526700.4799183491,189256.76124364967
2023-07-11 00:00:00+00:00,532419.3402884508,190462.03723563894
2023-07-12 00:00:00+00:00,548054.7161076956,191994.475346801
2023-07-13 00:00:00+00:00,563938.4894074154,193518.32294676895
2023-07-14 00:00:00+00:00,559622.829943761,193397.76943967913
2023-07-17 00:00:00+00:00,563243.827824858,194069.27470041273
2023-07-18 00:00:00+00:00,567279.7157166975,195511.37608671671
2023-07-19 00:00:00+00:00,571527.0415415062,195946.1241317959
2023-07-20 00:00:00+00:00,549488.0383416632,194646.12070922714
2023-07-21 00:00:00+00:00,539610.04995314,194646.12070922714
2023-07-24 00:00:00+00:00,537547.2748390435,195515.67134231373
2023-07-25 00:00:00+00:00,544069.4306844377,196049.40116637325
2023-07-26 00:00:00+00:00,544298.462379731,196079.54976994474
2023-07-27 00:00:00+00:00,554285.094001875,194779.546347376
2023-07-28 00:00:00+00:00,571641.039272089,196686.51711086655
2023-07-31 00:00:00+00:00,569515.1944945407,197060.99522026684
2023-08-01 00:00:00+00:00,568182.3770222556,196497.11679263582
2023-08-02 00:00:00+00:00,549128.4239118167,193763.6570378854
2023-08-03 00:00:00+00:00,550473.7695536384,193208.39639291252
2023-08-04 00:00:00+00:00,564955.0561581836,192334.55050422892
2023-08-07 00:00:00+00:00,575171.5294939533,194013.34092752702
2023-08-08 00:00:00+00:00,566546.3836067354,193169.63000668288
2023-08-09 00:00:00+00:00,550329.7830474378,191878.25800250433
2023-08-10 00:00:00+00:00,550909.1485875747,191947.10481364522
2023-08-11 00:00:00+00:00,541759.7754156934,191835.1827249456
2023-08-14 00:00:00+00:00,560227.2140295891,192894.1336762629
2023-08-15 00:00:00+00:00,554752.0239232915,190647.14229827264
2023-08-16 00:00:00+00:00,544774.894851459,189248.1434609915
2023-08-17 00:00:00+00:00,537227.7021720457,187806.0829818837
2023-08-18 00:00:00+00:00,534939.554013323,187896.48788540202
2023-08-21 00:00:00+00:00,556419.4883939091,189118.99944270763
2023-08-22 00:00:00+00:00,549110.9565847325,188606.7595323653
2023-08-23 00:00:00+00:00,560917.5874729453,190707.39859821947
2023-08-24 00:00:00+00:00,551380.0088780308,188064.37101845146
2023-08-25 00:00:00+00:00,547858.5238817025,189390.18688179852
2023-08-28 00:00:00+00:00,553986.9743943319,190591.16761819078
2023-08-29 00:00:00+00:00,569076.0234694617,193346.1172866584
2023-08-30 00:00:00+00:00,569349.8347650078,194142.48494581092
2023-08-31 00:00:00+00:00,574258.6619148034,193858.3981041969
2023-09-01 00:00:00+00:00,571373.94249156,194219.99044680613
2023-09-05 00:00:00+00:00,572761.9051465265,193380.56114582694
2023-09-06 00:00:00+00:00,563654.7342369639,192080.57135899024
2023-09-07 00:00:00+00:00,563538.8014817617,191490.83958338475
2023-09-08 00:00:00+00:00,560927.4374279857,191779.26258779195
2023-09-11 00:00:00+00:00,572281.2057519715,193040.5132598631
2023-09-12 00:00:00+00:00,566268.1397339827,191981.5623085458
2023-09-13 00:00:00+00:00,575601.4796106567,192205.4201216771
2023-09-14 00:00:00+00:00,577768.8269122014,193862.69335979392
2023-09-15 00:00:00+00:00,563905.0652849992,191526.98790906003
2023-09-18 00:00:00+00:00,564765.4775906418,191639.29179825715
2023-09-19 00:00:00+00:00,559991.2247751855,191241.85111607786
2023-09-20 00:00:00+00:00,548024.392841477,189483.71436795723
2023-09-21 00:00:00+00:00,532328.6897928412,186351.85942978368
2023-09-22 00:00:00+00:00,536649.5778646702,185932.8333837628
2023-09-25 00:00:00+00:00,543245.7819999593,186714.69262400983
2023-09-26 00:00:00+00:00,533469.5418378189,183971.64694962537
2023-09-27 00:00:00+00:00,535115.1867483393,184045.06173100436
2023-09-28 00:00:00+00:00,541523.5101684709,185112.05776423356
2023-09-29 00:00:00+00:00,542587.5639566018,184662.81493598092
2023-10-02 00:00:00+00:00,555291.6325673424,184589.3728831378
2023-10-03 00:00:00+00:00,539810.1978058163,182118.41460615984
2023-10-04 00:00:00+00:00,548042.8244246421,183444.63954146852
2023-10-05 00:00:00+00:00,548727.5334713833,183375.49274422243
2023-10-06 00:00:00+00:00,562444.1252951983,185552.669174096
2023-10-09 00:00:00+00:00,562638.9991213817,186740.61415064457
2023-10-10 00:00:00+00:00,566857.2859821079,187712.5827671891
2023-10-11 00:00:00+00:00,577943.617558473,188481.50169771683
2023-10-12 00:00:00+00:00,574219.1235782414,187332.43219325432
2023-10-13 00:00:00+00:00,560295.9365075394,186399.37995599204
2023-10-16 00:00:00+00:00,569095.0058286509,188360.55275439742
2023-10-17 00:00:00+00:00,562612.1651901976,188351.92133600722
2023-10-18 00:00:00+00:00,548776.9611582395,185842.10122267518
2023-10-19 00:00:00+00:00,545661.6857486456,184209.22230920303
2023-10-20 00:00:00+00:00,537326.7655424809,181945.64988103506
2023-10-23 00:00:00+00:00,548380.779359212,181630.2963058211
2023-10-24 00:00:00+00:00,551599.1512801306,182999.67833308084
2023-10-25 00:00:00+00:00,528239.1366214169,180373.2181677585
2023-10-26 00:00:00+00:00,516644.244066005,178213.3318461295
2023-10-27 00:00:00+00:00,520064.1337501799,177405.53744351567
2023-10-30 00:00:00+00:00,528444.6762947694,179526.54829305861
2023-10-31 00:00:00+00:00,530613.2428799014,180654.05970514365
2023-11-01 00:00:00+00:00,537067.3101527003,182580.63865132793
2023-11-02 00:00:00+00:00,538701.0946540699,186079.71748944902
2023-11-03 00:00:00+00:00,538213.3106644138,187777.39340164198
2023-11-06 00:00:00+00:00,540000.7222834128,188209.35975738216
2023-11-07 00:00:00+00:00,544882.1797218819,188744.99858392923
2023-11-08 00:00:00+00:00,547505.7005070532,188883.23763549316
2023-11-09 00:00:00+00:00,550197.9683807634,187410.19677315856
2023-11-10 00:00:00+00:00,561107.3930361534,190334.70676971826
2023-11-13 00:00:00+00:00,562933.0612295975,190153.2697190071
2023-11-14 00:00:00+00:00,570385.0943719618,193842.3761190334
2023-11-15 00:00:00+00:00,564690.9720397508,194252.74347519994
2023-11-16 00:00:00+00:00,568286.1465112311,194490.33247050966
2023-11-17 00:00:00+00:00,566831.2070293556,194732.2439928805
2023-11-20 00:00:00+00:00,573448.7986443789,196231.23365331398
2023-11-21 00:00:00+00:00,571567.9193002261,195803.54891743878
2023-11-22 00:00:00+00:00,570916.5759835852,196559.51390251514
2023-11-24 00:00:00+00:00,566685.275938776,196680.5037530307
2023-11-27 00:00:00+00:00,565223.0830885873,196326.2610699986
2023-11-28 00:00:00+00:00,564954.1959564429,196520.66570189316
2023-11-29 00:00:00+00:00,553673.9098460958,196382.39937886514
2023-11-30 00:00:00+00:00,547227.7199096923,197155.66810791809
2023-12-01 00:00:00+00:00,546218.3421851905,198322.00044916102
2023-12-04 00:00:00+00:00,537241.8637750568,197280.9123068345
2023-12-05 00:00:00+00:00,541227.0327592563,197242.06410621252
2023-12-06 00:00:00+00:00,538892.964792445,196447.21001331802
2023-12-07 00:00:00+00:00,542424.0801291207,197946.1996737515
2023-12-08 00:00:00+00:00,545180.3132604115,198797.1920755125
2023-12-11 00:00:00+00:00,539853.9255716299,199570.40626163725
2023-12-12 00:00:00+00:00,543984.0014055491,200481.9004065221
2023-12-13 00:00:00+00:00,546095.0748085793,203246.5587162122
2023-12-14 00:00:00+00:00,536231.0002694521,203898.89213767782
2023-12-15 00:00:00+00:00,538460.1161045359,203563.139507311
2023-12-18 00:00:00+00:00,543138.6317191385,204708.21374228166
2023-12-19 00:00:00+00:00,545717.8659494399,205953.00608576357
2023-12-20 00:00:00+00:00,537895.4189961033,203099.07463831562
2023-12-21 00:00:00+00:00,545039.5583764187,205024.82180484457
2023-12-22 00:00:00+00:00,544592.7819627582,205436.86635605377
2023-12-26 00:00:00+00:00,547027.1354877327,206304.31708640404
2023-12-27 00:00:00+00:00,548811.1798950449,206677.33617247455
2023-12-28 00:00:00+00:00,549866.6771115791,206755.41437421602
2023-12-29 00:00:00+00:00,546290.0910619581,206156.87391570362
2024-01-02 00:00:00+00:00,537438.5433462979,205003.16826234275
2024-01-03 00:00:00+00:00,534631.4798263462,203328.9594450148
2024-01-04 00:00:00+00:00,530021.2368289072,202674.02159872686
2024-01-05 00:00:00+00:00,533158.6599341051,202951.6041961511
2024-01-08 00:00:00+00:00,539647.7314282903,205848.91090726297
2024-01-09 00:00:00+00:00,538145.2632724048,205536.63900749324
2024-01-10 00:00:00+00:00,548509.2172018464,206699.0442579046
2024-01-11 00:00:00+00:00,548250.3761166306,206607.97120351563
2024-01-12 00:00:00+00:00,551061.1521537785,206751.07821142284
2024-01-16 00:00:00+00:00,547300.0568635669,205992.0724580984
2024-01-17 00:00:00+00:00,546416.9176624711,204847.0118588598
2024-01-18 00:00:00+00:00,552729.7600383693,206668.65021115614
2024-01-19 00:00:00+00:00,561727.6560490077,209245.02633264396
2024-01-22 00:00:00+00:00,559916.5495847868,209687.45129486956
2024-01-23 00:00:00+00:00,561025.7509307741,210299.0138774936
2024-01-24 00:00:00+00:00,570030.4539058742,210528.8850484607
2024-01-25 00:00:00+00:00,574728.0907583011,211673.93201196726
2024-01-26 00:00:00+00:00,572627.9291650656,211405.00810439733
2024-01-29 00:00:00+00:00,581889.5330412433,213079.2169217253
2024-01-30 00:00:00+00:00,581857.619986644,212914.4154641201
2024-01-31 00:00:00+00:00,567977.0156078204,209440.22183699763
2024-02-01 00:00:00+00:00,577826.723749454,212181.3994160907
2024-02-02 00:00:00+00:00,629942.0009106231,214415.10959106032
2024-02-05 00:00:00+00:00,631899.5022529456,213634.4093880379
2024-02-06 00:00:00+00:00,624922.3398622085,214254.64429624827
2024-02-07 00:00:00+00:00,639119.1135921766,216041.6206176632
2024-02-08 00:00:00+00:00,637030.3334209683,216137.04347057742
2024-02-09 00:00:00+00:00,649609.6726396038,217386.18561258458
2024-02-12 00:00:00+00:00,647735.8663390174,217290.7763954024
2024-02-13 00:00:00+00:00,638707.2670927806,214298.00592418015
2024-02-14 00:00:00+00:00,653019.6771582816,216245.47481187122
2024-02-15 00:00:00+00:00,652824.7997428043,217737.49661322506
2024-02-16 00:00:00+00:00,647361.9129899767,216653.19683601928
2024-02-20 00:00:00+00:00,634157.9506231372,215460.4111745915
2024-02-21 00:00:00+00:00,628728.7744531081,215655.6066789452
2024-02-22 00:00:00+00:00,677506.9279211772,220118.6772303592
2024-02-23 00:00:00+00:00,677901.5969284512,220270.49747104896
2024-02-26 00:00:00+00:00,677343.9358963908,219463.75301980332
2024-02-27 00:00:00+00:00,677250.3672618294,219871.44777248727
2024-02-28 00:00:00+00:00,672385.4181023662,219580.8430509514
2024-02-29 00:00:00+00:00,684036.804029167,220370.24285102432
2024-03-01 00:00:00+00:00,700644.0189717022,222439.12429692462
2024-03-04 00:00:00+00:00,706287.5532291707,222200.59443610316
2024-03-05 00:00:00+00:00,699959.1860198459,219979.87911378106
2024-03-06 00:00:00+00:00,709463.2673946569,221094.55930200324
2024-03-07 00:00:00+00:00,732410.5299690311,223289.2712832983
2024-03-08 00:00:00+00:00,713352.9516842768,221949.0424511701
2024-03-11 00:00:00+00:00,693427.8908359465,221758.2103810737
2024-03-12 00:00:00+00:00,720570.9847620245,224143.75443246515
2024-03-13 00:00:00+00:00,717753.9655600638,223792.38888889647
2024-03-14 00:00:00+00:00,703847.6508195726,223349.99119813496
2024-03-15 00:00:00+00:00,702775.249751561,221816.35314255217
2024-03-18 00:00:00+00:00,713516.1239673997,223134.61481034127
2024-03-19 00:00:00+00:00,717183.5601543041,224374.58010467605
2024-03-20 00:00:00+00:00,727383.6568436681,226449.91125183794
2024-03-21 00:00:00+00:00,734668.8990452427,227198.26749842815
2024-03-22 00:00:00+00:00,740302.8464661781,226767.5419943049
2024-03-25 00:00:00+00:00,736884.0857973762,226141.0210136176
2024-03-26 00:00:00+00:00,728371.1445847776,225723.35854080215
2024-03-27 00:00:00+00:00,726237.1418902926,227620.2661340368
2024-03-28 00:00:00+00:00,723455.6979061699,227576.76814878438
2024-04-01 00:00:00+00:00,724567.233915878,227180.827397131
2024-04-02 00:00:00+00:00,725061.0541184039,225736.3943006458
2024-04-03 00:00:00+00:00,727730.960323636,225984.3737237807
2024-04-04 00:00:00+00:00,719585.2689641679,223226.01512229955
2024-04-05 00:00:00+00:00,735448.9478114693,225557.9980181827
2024-04-08 00:00:00+00:00,730408.560487494,225684.15581114675
2024-04-09 00:00:00+00:00,722802.3697563394,225945.22553705354
2024-04-10 00:00:00+00:00,726912.6557984838,223682.83941757426
2024-04-11 00:00:00+00:00,738552.179393362,225370.92941013322
2024-04-12 00:00:00+00:00,711042.9586680038,222260.11440651907
2024-04-15 00:00:00+00:00,699526.3909672208,219475.60247095829
2024-04-16 00:00:00+00:00,700771.7205727707,219075.32555651173
2024-04-17 00:00:00+00:00,685857.3997545469,217778.7856098847
2024-04-18 00:00:00+00:00,688489.107862902,217330.6881831246
2024-04-19 00:00:00+00:00,650384.5351697156,215433.75331842585
2024-04-22 00:00:00+00:00,662845.744005819,217417.68415362944
2024-04-23 00:00:00+00:00,680247.0214652113,219997.7010155757
2024-04-24 00:00:00+00:00,673256.2759933631,219893.2785795058
2024-04-25 00:00:00+00:00,658283.6713705965,219057.9399981428
2024-04-26 00:00:00+00:00,666691.1427470051,221133.25750957264
2024-04-29 00:00:00+00:00,665132.1047268211,221916.41214436476
2024-04-30 00:00:00+00:00,657686.8816405616,218400.98406351087
2024-05-01 00:00:00+00:00,652658.5809371198,217691.816910844
2024-05-02 00:00:00+00:00,664688.690956396,219727.94532835047
2024-05-03 00:00:00+00:00,678342.0663742943,222451.5600845579
2024-05-06 00:00:00+00:00,695031.9298002976,224748.7718637032
2024-05-07 00:00:00+00:00,696448.2404167075,224996.75128683812
2024-05-08 00:00:00+00:00,695611.6911280351,225018.51391519638
2024-05-09 00:00:00+00:00,694574.606860457,226315.01295462725
2024-05-10 00:00:00+00:00,695388.0408341612,226606.54490594278
2024-05-13 00:00:00+00:00,691555.8663136159,226637.0071313515
2024-05-14 00:00:00+00:00,696522.5450948636,227676.84078632903
2024-05-15 00:00:00+00:00,708267.9121381073,230496.20565301998
2024-05-16 00:00:00+00:00,700545.3361413184,230021.9276207161
2024-05-17 00:00:00+00:00,696497.9895780132,230352.59412302676
2024-05-20 00:00:00+00:00,699338.8085647288,230618.00001172672
2024-05-21 00:00:00+00:00,698311.0625391561,231183.5829058645
2024-05-22 00:00:00+00:00,699081.2741620796,230517.88646698592
2024-05-23 00:00:00+00:00,715999.6502409299,228834.1735444163
2024-05-24 00:00:00+00:00,730653.0907240935,230348.23068876946
2024-05-28 00:00:00+00:00,751559.553064613,230509.18686993542
2024-05-29 00:00:00+00:00,750383.0472450538,228895.04345230554
2024-05-30 00:00:00+00:00,735753.5578175248,227376.63650942713
2024-05-31 00:00:00+00:00,737092.0908988417,229447.64512952787
2024-06-03 00:00:00+00:00,754621.9457620772,229634.7273733094
2024-06-04 00:00:00+00:00,760475.4710138,229891.4336649589
2024-06-05 00:00:00+00:00,784953.8558037906,232623.6798395565
2024-06-06 00:00:00+00:00,781542.0176268866,232619.34367676332
2024-06-07 00:00:00+00:00,775913.8846977513,232336.5385939624
2024-06-10 00:00:00+00:00,787179.3834008559,233054.40534367977
2024-06-11 00:00:00+00:00,787031.2068062321,233615.65207502435
2024-06-12 00:00:00+00:00,795192.748522129,235534.33593234932
2024-06-13 00:00:00+00:00,802646.8911342918,236008.64123611728
2024-06-14 00:00:00+00:00,811105.2604652504,236152.1982231823
2024-06-17 00:00:00+00:00,811541.8961921365,238031.74752951215
2024-06-18 00:00:00+00:00,818511.1985492472,238636.46497464503
2024-06-20 00:00:00+00:00,812081.0158328634,237988.19500133154
2024-06-21 00:00:00+00:00,808032.8903592988,237669.14614273093
2024-06-24 00:00:00+00:00,793416.3717691185,236896.62737894096
2024-06-25 00:00:00+00:00,811771.0991068806,237808.8578533567
2024-06-26 00:00:00+00:00,815625.7650856603,238105.62592578097
2024-06-27 00:00:00+00:00,811237.7189006091,238480.9903577648
2024-06-28 00:00:00+00:00,804703.6854898249,237542.57927780526
2024-07-01 00:00:00+00:00,806668.2110360615,238031.47481487106
2024-07-02 00:00:00+00:00,808780.6450263845,239633.3188021882
2024-07-03 00:00:00+00:00,822478.3844375612,240702.7147242589
2024-07-05 00:00:00+00:00,831339.8657788836,242090.75043296858
2024-07-08 00:00:00+00:00,834189.7118108718,242370.0647683637
2024-07-09 00:00:00+00:00,842097.3828562716,242605.77203264995
2024-07-10 00:00:00+00:00,858266.9532655169,245006.42447515726
2024-07-11 00:00:00+00:00,827079.553202649,242893.81323655962
2024-07-12 00:00:00+00:00,833990.251926587,244425.89681868826
2024-07-15 00:00:00+00:00,839306.9848228103,245098.11113748868
2024-07-16 00:00:00+00:00,831354.7195748625,246551.57108859366
2024-07-17 00:00:00+00:00,801843.196364494,243094.61302678753
2024-07-18 00:00:00+00:00,797865.8980034427,241226.46319245486
2024-07-19 00:00:00+00:00,791166.4348539835,239624.59193367363
2024-07-22 00:00:00+00:00,809145.0123100363,242095.08659576176
2024-07-23 00:00:00+00:00,808447.0834271704,241715.38600098478
2024-07-24 00:00:00+00:00,768640.9556463218,236237.50336291242
2024-07-25 00:00:00+00:00,755074.111163912,235006.6058303936
2024-07-26 00:00:00+00:00,756950.4914701587,237638.629374394
2024-07-29 00:00:00+00:00,756866.01980977,237778.25927062743
2024-07-30 00:00:00+00:00,744297.603819045,236573.56961511646
2024-07-31 00:00:00+00:00,777660.2720767423,240418.9824116783
2024-08-01 00:00:00+00:00,754399.0720084016,237014.4128324238
2024-08-02 00:00:00+00:00,759466.5823482922,232601.58995362898
2024-08-05 00:00:00+00:00,702892.4568943853,225827.3991763745
2024-08-06 00:00:00+00:00,700377.7691912629,227909.43910370697
2024-08-07 00:00:00+00:00,699661.73824353,226386.06875436087
2024-08-08 00:00:00+00:00,706365.479217789,231619.5445310965
2024-08-09 00:00:00+00:00,707790.444727317,232640.83359048053
2024-08-12 00:00:00+00:00,719207.1779674056,232763.11883554122
2024-08-13 00:00:00+00:00,742941.0124622162,236591.02335214565
2024-08-14 00:00:00+00:00,750043.9289713958,237337.4433247842
2024-08-15 00:00:00+00:00,763957.3317702762,241405.4458113963
2024-08-16 00:00:00+00:00,768434.5886198881,241946.72983101374
2024-08-19 00:00:00+00:00,779826.2677564375,244260.05904544695
2024-08-20 00:00:00+00:00,775695.2435006143,243862.85017071254
2024-08-21 00:00:00+00:00,777002.0154354337,244700.87499129018
2024-08-22 00:00:00+00:00,765370.480351569,242780.36394586996
2024-08-23 00:00:00+00:00,782142.1992038698,245359.9990073187
2024-08-26 00:00:00+00:00,778370.0254094134,244775.10791659242
2024-08-27 00:00:00+00:00,783405.2805740631,245111.20144026057
2024-08-28 00:00:00+00:00,776032.5608937108,243688.28552895665
2024-08-29 00:00:00+00:00,764830.1511291981,243710.0208858508
2024-08-30 00:00:00+00:00,770298.9792470665,246036.5222174482
2024-09-03 00:00:00+00:00,738792.6895838992,240973.35673406764
2024-09-04 00:00:00+00:00,732959.3712119906,240480.09776274452
2024-09-05 00:00:00+00:00,735934.7930790839,239895.20667201825
2024-09-06 00:00:00+00:00,723538.2699636248,235857.7209537431
2024-09-09 00:00:00+00:00,733925.4878095216,238498.47136625808
2024-09-10 00:00:00+00:00,741911.9704135844,239537.3232485277
2024-09-11 00:00:00+00:00,741041.2739538834,241994.70033637987
2024-09-12 00:00:00+00:00,743213.3023206713,244033.1059211394
2024-09-13 00:00:00+00:00,748314.8066830871,245307.61052476705
2024-09-16 00:00:00+00:00,740003.2224531532,245669.9119254431
2024-09-17 00:00:00+00:00,727504.3628121528,245770.27091336087
2024-09-18 00:00:00+00:00,728652.0867560232,245041.35922067973
2024-09-19 00:00:00+00:00,744241.3453677421,249222.8382694456
2024-09-20 00:00:00+00:00,742735.5311059926,248792.00367946594
2024-09-23 00:00:00+00:00,745212.9034502389,249413.73851820227
2024-09-24 00:00:00+00:00,757187.6505087194,250127.37819098288
2024-09-25 00:00:00+00:00,764014.2786945467,249575.67647207613
2024-09-26 00:00:00+00:00,761815.1806902074,250565.22154723833
2024-09-27 00:00:00+00:00,756021.3616667028,250201.77474506976
2024-09-30 00:00:00+00:00,764801.5716256705,251204.43739446797
2024-10-01 00:00:00+00:00,752433.8737649356,248954.02344773212
2024-10-02 00:00:00+00:00,752040.2253687107,249059.10039894062
2024-10-03 00:00:00+00:00,764752.3928758402,248603.74876272777
2024-10-04 00:00:00+00:00,776455.7362790962,250862.9168494423
2024-10-07 00:00:00+00:00,771602.2984178574,248594.99462274907
2024-10-08 00:00:00+00:00,779202.4070088944,250946.094814972
2024-10-09 00:00:00+00:00,784673.1954913087,252684.24157990137
2024-10-10 00:00:00+00:00,782010.8414088277,252242.06206085274
2024-10-11 00:00:00+00:00,786468.0376870865,253752.57391487184
2024-10-14 00:00:00+00:00,790549.002692526,255827.8505191055
2024-10-15 00:00:00+00:00,771443.0462588472,253840.16985758705
2024-10-16 00:00:00+00:00,772945.7952467068,254943.43693808
2024-10-17 00:00:00+00:00,769496.5586361118,254965.2813808306
2024-10-18 00:00:00+00:00,772290.2463201494,255946.0723160141
2024-10-21 00:00:00+00:00,770997.7392932198,255525.73723971602
2024-10-22 00:00:00+00:00,774638.9829960816,255390.03443431415
2024-10-23 00:00:00+00:00,775417.9101015748,253056.38797912042
2024-10-24 00:00:00+00:00,774765.9270936892,253603.69899230576
2024-10-25 00:00:00+00:00,771711.2738705531,253516.13032105466
2024-10-28 00:00:00+00:00,776448.7307767895,254299.85765659309
2024-10-29 00:00:00+00:00,776951.5675798286,254711.38404998422
2024-10-30 00:00:00+00:00,775705.1246462896,253940.85610307413
2024-10-31 00:00:00+00:00,767379.6032531168,248962.77758771082
2024-11-01 00:00:00+00:00,769346.4208659093,250013.5198283316
2024-11-04 00:00:00+00:00,762781.8622028624,249475.04476951726
2024-11-05 00:00:00+00:00,775166.5461861938,252491.59595744178
2024-11-06 00:00:00+00:00,817701.0165381387,258769.95061001493
2024-11-07 00:00:00+00:00,810573.7422686957,260770.8306601617
2024-11-08 00:00:00+00:00,819042.192358747,261900.41470351897
2024-11-11 00:00:00+00:00,824130.1089919312,262149.94860010804
2024-11-12 00:00:00+00:00,822163.9460779706,261335.62268184032
2024-11-13 00:00:00+00:00,821747.6156331386,261462.5986187276
2024-11-14 00:00:00+00:00,813572.4482160594,259781.3673993918
2024-11-15 00:00:00+00:00,816376.9351239904,256453.94879209914
2024-11-18 00:00:00+00:00,814361.2447176613,257504.6910327199
2024-11-19 00:00:00+00:00,814528.0655120447,258445.99288787486
2024-11-20 00:00:00+00:00,824721.90999825,258533.56155912596
2024-11-21 00:00:00+00:00,831594.8586761762,259921.43363905099
2024-11-22 00:00:00+00:00,839218.34761348,260727.0326888041
2024-11-25 00:00:00+00:00,845183.3439342487,261611.5280842219
2024-11-26 00:00:00+00:00,855060.9609309031,262977.4193640758
2024-11-27 00:00:00+00:00,854483.0910462178,262180.6017257655
2024-11-29 00:00:00+00:00,858909.420999258,263809.3081052291
2024-12-02 00:00:00+00:00,864676.3921023421,264282.14074993524
2024-12-03 00:00:00+00:00,876192.9691088377,264404.7532525653
2024-12-04 00:00:00+00:00,885140.7898770208,266046.60447772895
2024-12-05 00:00:00+00:00,885342.3878138625,265608.7883929376
2024-12-06 00:00:00+00:00,888272.1364550734,266112.24689183716
2024-12-09 00:00:00+00:00,870114.7406035614,264741.8285489413
2024-12-10 00:00:00+00:00,867413.9825717956,263918.775762159
2024-12-11 00:00:00+00:00,884267.4419071822,265959.00853501377
2024-12-12 00:00:00+00:00,879043.1117194466,264588.617463582
2024-12-13 00:00:00+00:00,873357.4675449167,264536.11989517394
2024-12-16 00:00:00+00:00,884364.3678472327,265665.6766670671
2024-12-17 00:00:00+00:00,881527.3793598156,264571.1091836246
2024-12-18 00:00:00+00:00,851734.1010087924,256685.9744087308
2024-12-19 00:00:00+00:00,858684.2151409853,256607.1598774584
2024-12-20 00:00:00+00:00,866008.97477899,259689.2716650988
2024-12-23 00:00:00+00:00,871271.9822931241,261244.34509147055
2024-12-24 00:00:00+00:00,884740.9308343658,264148.07423237985
2024-12-26 00:00:00+00:00,881706.2536889137,264165.6370552655
2024-12-27 00:00:00+00:00,869585.3033228256,261384.95676041188
2024-12-30 00:00:00+00:00,860675.4478028237,258402.08583066086
2024-12-31 00:00:00+00:00,854593.094382057,257462.03846285483
2025-01-02 00:00:00+00:00,854744.9341445164,256829.42230993937
2025-01-03 00:00:00+00:00,865895.5094200158,260040.66448013159
2025-01-06 00:00:00+00:00,879996.1372471697,261538.6860035892
2025-01-07 00:00:00+00:00,868857.4110843552,258582.2138510948
2025-01-08 00:00:00+00:00,869725.5106794956,258960.00544338423
2025-01-10 00:00:00+00:00,866566.3461481879,255006.32493431328
2025-01-13 00:00:00+00:00,858595.4076586553,255401.76116388064
2025-01-14 00:00:00+00:00,848727.6102147483,255753.15397891344
2025-01-15 00:00:00+00:00,868579.4313738662,260405.2839552568
2025-01-16 00:00:00+00:00,862172.830280659,259904.47078837577
2025-01-17 00:00:00+00:00,871796.1870291142,262513.91356009466
2025-01-21 00:00:00+00:00,883385.5894010648,264916.8568055871
2025-01-22 00:00:00+00:00,902515.3971985908,266406.04237467365
2025-01-23 00:00:00+00:00,902782.2404119616,267860.102297989
2025-01-24 00:00:00+00:00,895643.4527514854,267078.20215054584
2025-01-27 00:00:00+00:00,833002.9896030892,263300.23168472335
2025-01-28 00:00:00+00:00,848886.1005747212,265562.6450756667
2025-01-29 00:00:00+00:00,847913.5455748803,264372.10931002785
2025-01-30 00:00:00+00:00,851166.2456810785,265791.0163161079
2025-01-31 00:00:00+00:00,854736.6839856146,264376.52728721336
2025-02-03 00:00:00+00:00,857391.2420991733,262597.3915117295
2025-02-04 00:00:00+00:00,868419.2997848816,264358.99173579185
2025-02-05 00:00:00+00:00,854625.1567451257,265430.7875467041
2025-02-06 00:00:00+00:00,863042.2727375277,266353.3811774809
2025-02-07 00:00:00+00:00,848096.1876991568,263915.3122862173
2025-02-10 00:00:00+00:00,849716.2274515256,265707.59290740127
2025-02-11 00:00:00+00:00,852723.8293358231,265909.6471849781
2025-02-12 00:00:00+00:00,858542.4140235576,265053.0504973429
2025-02-13 00:00:00+00:00,864664.3023506871,267851.3208865462
2025-02-14 00:00:00+00:00,865376.6660307565,267838.1760408461
2025-02-18 00:00:00+00:00,860143.0308371686,268624.4941654748
2025-02-19 00:00:00+00:00,856206.2467463909,269257.0830469261
2025-02-20 00:00:00+00:00,820135.7973155285,268136.90765868616
2025-02-21 00:00:00+00:00,802907.7975889811,263550.63826816384
2025-02-24 00:00:00+00:00,792016.6310543943,262351.3756340104
2025-02-25 00:00:00+00:00,799119.3460450716,261046.65424815097
2025-02-26 00:00:00+00:00,798454.6421511023,261178.40269125716
2025-02-27 00:00:00+00:00,793364.3383240992,257009.4957874451
2025-02-28 00:00:00+00:00,808561.283051439,261020.31001382254
2025-03-03 00:00:00+00:00,792559.1301393817,256447.26728339263
2025-03-04 00:00:00+00:00,773102.10605213,253411.73515644888
2025-03-05 00:00:00+00:00,784348.670045806,256135.33627692427
2025-03-06 00:00:00+00:00,764060.7734412968,251588.63778082278
2025-03-07 00:00:00+00:00,750816.4426583588,252998.76337546002
2025-03-10 00:00:00+00:00,718696.8535654248,246260.01186581404
2025-03-11 00:00:00+00:00,717607.135700322,244212.87941253994
2025-03-12 00:00:00+00:00,719557.6847812901,245508.79211549246
2025-03-13 00:00:00+00:00,700292.5420736334,242236.08006520063
2025-03-14 00:00:00+00:00,714396.9856485985,247239.63012804088
2025-03-17 00:00:00+00:00,716526.6994498814,249146.15091237365
2025-03-18 00:00:00+00:00,699008.8640491005,246453.2847319481
2025-03-19 00:00:00+00:00,705437.9855072,249137.36950093086
2025-03-20 00:00:00+00:00,704700.4630009654,248416.93923358733
2025-03-21 00:00:00+00:00,712505.6063421136,248498.88998323213
2025-03-24 00:00:00+00:00,732045.9188716675,252949.1293107833
2025-03-25 00:00:00+00:00,730629.2548359496,253557.14660307326
2025-03-26 00:00:00+00:00,725780.3116133385,250530.12317293123
2025-03-27 00:00:00+00:00,720887.7742224449,249864.80853455016
2025-03-28 00:00:00+00:00,704317.052579027,244832.95069196567
2025-03-31 00:00:00+00:00,714105.9693255086,246476.46547643997
2025-04-01 00:00:00+00:00,719269.5271144992,247172.65141219142
2025-04-02 00:00:00+00:00,722724.5655945764,248736.80623611115
2025-04-03 00:00:00+00:00,680293.6107399508,236478.91036319727
2025-04-04 00:00:00+00:00,647254.9816451742,222634.7016017758
2025-04-07 00:00:00+00:00,656959.8946531062,222238.16087791207
2025-04-08 00:00:00+00:00,645148.7661423812,218757.28574208313
2025-04-09 00:00:00+00:00,650236.7639850208,241731.03982138282
2025-04-10 00:00:00+00:00,650236.7639850208,231138.58499008615
2025-04-11 00:00:00+00:00,650236.7639850208,235262.7394212968
2025-04-14 00:00:00+00:00,650236.7639850208,237545.14279543143
2025-04-15 00:00:00+00:00,650236.7639850208,236879.82815705036
2025-04-16 00:00:00+00:00,630408.6775072829,231614.4720387724
2025-04-17 00:00:00+00:00,644450.9960105154,231944.92036937017
2025-04-21 00:00:00+00:00,638847.8957849795,226424.01699666728
2025-04-22 00:00:00+00:00,655726.4390315433,232315.0486802452
2025-04-23 00:00:00+00:00,656487.3071172757,235914.85467104954
2025-04-24 00:00:00+00:00,664962.1080572048,240880.6337561001
2025-04-25 00:00:00+00:00,660881.1368886258,242621.04405255048
2025-04-28 00:00:00+00:00,660879.936247132,242713.54885880512
2025-04-29 00:00:00+00:00,665626.164046542,244242.52349402543
2025-04-30 00:00:00+00:00,669808.6861808157,244339.4735489297
2025-05-01 00:00:00+00:00,673479.0330079632,246071.04789100905
2025-05-02 00:00:00+00:00,685795.5899688177,249723.7877936472
2025-05-05 00:00:00+00:00,687856.6983778862,248291.8450277235
2025-05-06 00:00:00+00:00,680634.2506115795,246216.4593376334
2025-05-07 00:00:00+00:00,681788.3305903185,247251.95682981773
2025-05-08 00:00:00+00:00,682511.7635122553,248974.7497604543
2025-05-09 00:00:00+00:00,680330.9909190936,248657.52808994893
2025-05-12 00:00:00+00:00,689917.5880272314,256875.0201979281
2025-05-13 00:00:00+00:00,690922.0632355296,258571.3870798439
2025-05-14 00:00:00+00:00,697800.609973604,258901.86268190577
2025-05-15 00:00:00+00:00,688261.4040840836,260166.413201134
2025-05-16 00:00:00+00:00,687658.2371732246,261814.3186913297
2025-05-19 00:00:00+00:00,687728.1772046211,262100.72360739292
2025-05-20 00:00:00+00:00,686888.6738470723,261219.50078766808
2025-05-21 00:00:00+00:00,679462.6386297325,256817.7501233011
2025-05-22 00:00:00+00:00,678111.4761144249,256919.09088392678
2025-05-23 00:00:00+00:00,676779.7445493479,255165.39938445578
2025-05-27 00:00:00+00:00,688907.2632506049,260470.46275447516
2025-05-28 00:00:00+00:00,684884.4275544761,258963.52346225418
2025-05-29 00:00:00+00:00,685980.3348700923,259985.7942943461
2025-05-30 00:00:00+00:00,691330.5057185928,259694.94412963328
2025-06-02 00:00:00+00:00,702928.4982793757,261157.81273585555
2025-06-03 00:00:00+00:00,702480.1925877553,262647.08011933445
2025-06-04 00:00:00+00:00,708945.6433567727,262576.583384615
2025-06-05 00:00:00+00:00,706379.8330939588,261307.5876167372
2025-06-06 00:00:00+00:00,711715.6654448174,263990.936056189
2025-06-09 00:00:00+00:00,713184.690627053,264228.90685199626
2025-06-10 00:00:00+00:00,717322.74614742,265726.9829183821
2025-06-11 00:00:00+00:00,713496.2232553121,264969.1362022823
2025-06-12 00:00:00+00:00,720005.7855512004,266022.19651735225
2025-06-13 00:00:00+00:00,710370.6488802199,263048.0524561158
2025-06-16 00:00:00+00:00,717751.690976352,265550.7274458515
2025-06-17 00:00:00+00:00,719466.8773565528,263281.6325462016
2025-06-18 00:00:00+00:00,721118.8436560858,263241.89802299615
2025-06-20 00:00:00+00:00,720177.7369777565,262623.6812031297
2025-06-23 00:00:00+00:00,719062.185705137,265217.7428690916
2025-06-24 00:00:00+00:00,720419.4567613379,268147.65261554474
2025-06-25 00:00:00+00:00,732403.4769294987,268297.8911113163
2025-06-26 00:00:00+00:00,739555.9625134643,270397.0302466445
2025-06-27 00:00:00+00:00,742150.6952161473,271740.4225686092
2025-06-30 00:00:00+00:00,741105.4479636829,273039.689661647
2025-07-01 00:00:00+00:00,731537.3416222252,272951.3301179368
2025-07-02 00:00:00+00:00,738584.2180026732,274188.7182589134
2025-07-03 00:00:00+00:00,750329.790064839,276349.68180337467
2025-07-07 00:00:00+00:00,744603.8882429826,274290.30446271604
2025-07-08 00:00:00+00:00,738926.1983565465,274140.0932384086
2025-07-09 00:00:00+00:00,747168.5024672495,275784.01709484454
2025-07-10 00:00:00+00:00,752365.6343643935,276561.7992512074
2025-07-11 00:00:00+00:00,753419.0547935024,275589.59882721794
2025-07-14 00:00:00+00:00,753523.8914534686,276115.4471981502
2025-07-15 00:00:00+00:00,763395.1265666551,274935.5473035135
2025-07-16 00:00:00+00:00,763645.0905122834,275854.70472981274
2025-07-17 00:00:00+00:00,772755.8547374392,277542.8356295679
2025-07-18 00:00:00+00:00,772254.236330088,277339.5814075703
2025-07-21 00:00:00+00:00,770461.7393518108,277865.4570499666
2025-07-22 00:00:00+00:00,761931.5170305019,277905.24611610034
2025-07-23 00:00:00+00:00,772561.8975691607,280269.4911540234
2025-07-24 00:00:00+00:00,779339.3253630465,280362.2686749191
2025-07-25 00:00:00+00:00,782228.9565521257,281546.64108966955
2025-07-28 00:00:00+00:00,786197.1337502577,281475.95345470135
2025-07-29 00:00:00+00:00,783303.5650038421,280733.5423872867
2025-07-30 00:00:00+00:00,791493.9734625157,280379.9951265894
2025-07-31 00:00:00+00:00,796802.5571872202,279328.2165703325
2025-08-01 00:00:00+00:00,779812.270887469,274749.91044732975
2025-08-04 00:00:00+00:00,799312.9040092018,278926.07156059454
2025-08-05 00:00:00+00:00,788434.4144226762,277511.9097892693
2025-08-06 00:00:00+00:00,791690.9037776887,279637.5567877106
2025-08-07 00:00:00+00:00,788170.8000597765,279403.3221824862
2025-08-08 00:00:00+00:00,794196.6362813519,281581.98490715364
2025-08-11 00:00:00+00:00,791934.6920540177,281025.18342445866
2025-08-12 00:00:00+00:00,805609.3960395433,284016.972122973
2025-08-13 00:00:00+00:00,795531.4796698828,284989.2270898907
2025-08-14 00:00:00+00:00,797823.2476925849,285015.70768153964
2025-08-15 00:00:00+00:00,795438.1253748556,284348.4294977428
2025-08-18 00:00:00+00:00,790009.9650202343,284286.52327421744
2025-08-19 00:00:00+00:00,771634.1766374031,282744.24016451236
2025-08-20 00:00:00+00:00,767928.6960499241,281992.9658712626
2025-08-21 00:00:00+00:00,764033.0103209735,280861.69099713064
2025-08-22 00:00:00+00:00,775287.7472477326,285174.80940314627
2025-08-25 00:00:00+00:00,775881.8597009953,283919.7493534277
2025-08-26 00:00:00+00:00,778254.7152977262,285108.5124738995
2025-08-27 00:00:00+00:00,776120.7138489423,285758.14602041844
2025-08-28 00:00:00+00:00,780533.7962027753,286770.1082390775
2025-08-29 00:00:00+00:00,769244.6541072074,285059.9147248589
2025-09-02 00:00:00+00:00,761184.7840789566,282947.5489294382
2025-09-03 00:00:00+00:00,785196.5953959916,284480.9960847723
2025-09-04 00:00:00+00:00,792764.0850899784,286858.4950542518
2025-09-05 00:00:00+00:00,790155.9427414563,286027.6971716628
2025-09-08 00:00:00+00:00,791201.3808552689,286730.3464444079
2025-09-09 00:00:00+00:00,806097.3429215272,287393.23392248334
2025-09-10 00:00:00+00:00,810696.409911174,288224.0318050723
2025-09-11 00:00:00+00:00,811445.8631308876,290619.25722622214
2025-09-12 00:00:00+00:00,814595.9974200984,290522.0071852126
2025-09-15 00:00:00+00:00,829996.5798427907,292068.73554356734
2025-09-16 00:00:00+00:00,830147.8209716416,291666.56326236523
2025-09-17 00:00:00+00:00,819996.3347251671,291304.20731876104
2025-09-18 00:00:00+00:00,833843.5798434824,292665.326092396
2025-09-19 00:00:00+00:00,836821.4422587195,294114.8589526694
2025-09-22 00:00:00+00:00,841010.8796988539,295506.3035943926
2025-09-23 00:00:00+00:00,828331.2460479385,293897.7508269049
2025-09-24 00:00:00+00:00,818429.4293042693,292962.63959410245
2025-09-25 00:00:00+00:00,823003.2566759619,291611.0931043694
2025-09-26 00:00:00+00:00,823068.872446429,293281.74299563124
2025-09-29 00:00:00+00:00,824850.256088317,294105.9957268343
2025-09-30 00:00:00+00:00,831311.601961551,295213.8444132974
2025-10-01 00:00:00+00:00,835263.5479159922,296219.80690985266
2025-10-02 00:00:00+00:00,840440.0918639146,296560.97292584495
2025-10-03 00:00:00+00:00,839122.6248278036,296556.58222012356
2025-10-06 00:00:00+00:00,840406.6305380892,297620.114777411
2025-10-07 00:00:00+00:00,834087.4876322851,296516.6840681334
2025-10-08 00:00:00+00:00,840566.2019139205,298284.8294435817
2025-10-09 00:00:00+00:00,837853.5547761978,297420.7058318526
2025-10-10 00:00:00+00:00,808646.6228854929,289382.0599854943
2025-10-13 00:00:00+00:00,827561.6272534999,293822.3725001101
2025-10-14 00:00:00+00:00,816784.3432365442,293463.4254895194
2025-10-15 00:00:00+00:00,824443.8363980582,294766.26514435536
2025-10-16 00:00:00+00:00,825789.872900196,292758.86721428676
2025-10-17 00:00:00+00:00,835301.8687391457,294420.6266082494
2025-10-20 00:00:00+00:00,849067.719836987,297482.7484126985
2025-10-21 00:00:00+00:00,840647.4169205391,297478.3031640489
2025-10-22 00:00:00+00:00,836027.7543803842,295931.7384344789
2025-10-23 00:00:00+00:00,841701.0760662887,297686.6026069065
2025-10-24 00:00:00+00:00,859121.8927999678,300119.4626485255
2025-10-27 00:00:00+00:00,884026.948866458,303660.1713766076
2025-10-28 00:00:00+00:00,897069.5264395521,304466.6976561404
2025-10-29 00:00:00+00:00,915277.4117572745,304612.9545181521
2025-10-30 00:00:00+00:00,918961.9013737027,301262.76423832914
2025-10-31 00:00:00+00:00,916893.1670247908,302250.97301175003
2025-11-03 00:00:00+00:00,924662.2071868462,302818.2194651984
2025-11-04 00:00:00+00:00,906860.900817352,299228.74935929105
2025-11-05 00:00:00+00:00,909062.4298730616,300265.7195105372
2025-11-06 00:00:00+00:00,898279.5739813398,297044.0323695916
2025-11-07 00:00:00+00:00,890505.7966934245,297336.4915506868
2025-11-10 00:00:00+00:00,920673.4633060644,301976.24028232513
2025-11-11 00:00:00+00:00,919583.6667721611,302667.5173545371
2025-11-12 00:00:00+00:00,913605.3453644757,302835.91864540457
2025-11-13 00:00:00+00:00,893514.9830308721,297810.66049713426
2025-11-14 00:00:00+00:00,895837.1500049998,297761.9536622372
2025-11-17 00:00:00+00:00,893767.7842648111,294987.8185187695
2025-11-18 00:00:00+00:00,884721.8434397486,292510.669619439
2025-11-19 00:00:00+00:00,903024.6449995018,293640.690006222
2025-11-20 00:00:00+00:00,887514.8953871664,289164.9518597298
2025-11-21 00:00:00+00:00,901107.3014357516,292045.3638988267
2025-11-24 00:00:00+00:00,931529.9105454746,296343.8648000804
2025-11-25 00:00:00+00:00,930128.6346205277,299131.2266036405
2025-11-26 00:00:00+00:00,935938.3674292855,301196.30368029774
2025-11-28 00:00:00+00:00,937679.0212106347,302840.3638940542
2025-12-01 00:00:00+00:00,931071.5103080269,301457.75520670204
2025-12-02 00:00:00+00:00,936702.3147600496,302016.1384343153
2025-12-03 00:00:00+00:00,952568.675619976,303061.9445399324
2025-12-04 00:00:00+00:00,940829.4660531656,303283.5251858107
2025-12-05 00:00:00+00:00,939864.4058054142,303859.580322166
2025-12-08 00:00:00+00:00,926817.9964557999,302946.72260407574
2025-12-09 00:00:00+00:00,929324.4262919527,302685.2438062073
2025-12-10 00:00:00+00:00,938712.841721458,304692.7235506683
2025-12-11 00:00:00+00:00,938167.2242901744,305401.7270745505
2025-12-12 00:00:00+00:00,940222.3633382473,302118.02462422306
2025-12-15 00:00:00+00:00,933785.9175073743,301661.5821294459
2025-12-16 00:00:00+00:00,926181.1673412627,300837.356669707
2025-12-17 00:00:00+00:00,910978.0992933805,297527.06454187416
2025-12-18 00:00:00+00:00,913723.6155933316,299773.7695694913
2025-12-19 00:00:00+00:00,919458.7817077605,302490.77099565254
2025-12-22 00:00:00+00:00,917001.1091660723,304375.22916552186
2025-12-23 00:00:00+00:00,922838.3157334855,305766.3738211398
2025-12-24 00:00:00+00:00,926770.8665374527,306841.96036556305
2025-12-26 00:00:00+00:00,923891.2711917904,306810.84362501575
2025-12-29 00:00:00+00:00,920439.5998345874,305717.47608599404
2025-12-30 00:00:00+00:00,919648.041994091,305344.1297423542
2025-12-31 00:00:00+00:00,916310.4287578514,303081.8799801955
2026-01-02 00:00:00+00:00,920526.7202346699,303637.42697554146
2026-01-05 00:00:00+00:00,916998.1308200995,305659.7151250131
2026-01-06 00:00:00+00:00,913743.4606973575,307477.5218366022
2026-01-07 00:00:00+00:00,914417.2960162817,306486.39501652174
2026-01-08 00:00:00+00:00,917255.1488657802,306455.2782759744
2026-01-09 00:00:00+00:00,924640.1063350879,308481.9844026315
2026-01-12 00:00:00+00:00,938105.1044369433,308966.4346910477
2026-01-13 00:00:00+00:00,949276.0355446306,308348.6542146071
2026-01-14 00:00:00+00:00,947004.7202172459,306833.0425967997
2026-01-15 00:00:00+00:00,939785.0972592623,307668.6402570717
2026-01-16 00:00:00+00:00,935254.1843860885,307410.8431068579
2026-01-20 00:00:00+00:00,919037.9916794252,301152.94205236586
2026-01-21 00:00:00+00:00,934234.2180932252,304628.581067086
2026-01-22 00:00:00+00:00,932475.2562906445,306219.7346404728
2026-01-23 00:00:00+00:00,932830.9481817274,306330.81131378503
2026-01-26 00:00:00+00:00,937425.0869422235,307886.43016943894
2026-01-27 00:00:00+00:00,941445.6604754059,309113.10062502103
2026-01-28 00:00:00+00:00,943560.6852418279,309081.98388447374
2026-01-29 00:00:00+00:00,954682.1948539964,308468.6486566827
2026-01-30 00:00:00+00:00,961124.1829489623,307548.6458149961
2026-02-02 00:00:00+00:00,972610.9614021553,309077.5386358241
2026-02-03 00:00:00+00:00,990950.1537733483,306464.16877327365
2026-02-04 00:00:00+00:00,994521.7642168626,304979.70116747776
2026-02-05 00:00:00+00:00,986517.1203079206,301170.7230469643
2026-02-06 00:00:00+00:00,996778.4244158333,306948.6190616898
2026-02-09 00:00:00+00:00,997531.1295736218,308428.6414188361
2026-02-10 00:00:00+00:00,986773.8705831205,307615.2972732763
2026-02-11 00:00:00+00:00,992921.2982237799,307544.20056634647
2026-02-12 00:00:00+00:00,993275.1458947287,302792.9933608984
2026-02-13 00:00:00+00:00,987266.9497613505,303006.31075315195
2026-02-17 00:00:00+00:00,965504.5831003947,303495.20629021776
2026-02-18 00:00:00+00:00,971066.8461780854,305024.1263825098
2026-02-19 00:00:00+00:00,966778.6041376,304219.67273424927
2026-02-20 00:00:00+00:00,966963.7794263148,306419.7435582416
2026-02-23 00:00:00+00:00,977917.4369686332,303290.77939526347
2026-02-24 00:00:00+00:00,976387.4186866817,305495.2409249772
2026-02-25 00:00:00+00:00,975493.3083319032,308073.1033412589
2026-02-26 00:00:00+00:00,965164.0303297882,306361.9280543324
2026-02-27 00:00:00+00:00,987456.1946563942,304890.79619448533
2026-03-02 00:00:00+00:00,983531.1167057952,305064.1336203564
2026-03-03 00:00:00+00:00,977343.647714007,302375.2218022265
2026-03-04 00:00:00+00:00,972242.9080628932,304508.5866250104
2026-03-05 00:00:00+00:00,960384.6240414078,302810.7470840328
2026-03-06 00:00:00+00:00,960076.4438110588,298841.7672835972
2026-03-09 00:00:00+00:00,968415.9364512378,301459.60966626136
2026-03-10 00:00:00+00:00,966166.0031786824,300975.1593778452
2026-03-11 00:00:00+00:00,971212.8501773556,300597.39505701984
2026-03-12 00:00:00+00:00,974777.9118046799,296032.8337519276
2026-03-13 00:00:00+00:00,982138.2594154456,294357.24772566214
2026-03-16 00:00:00+00:00,986634.8010701413,297352.88170061575
2026-03-17 00:00:00+00:00,993361.0100021323,298135.08183416416
2026-03-18 00:00:00+00:00,979309.9255915014,293975.0108847231
2026-03-19 00:00:00+00:00,977525.4671090372,293250.5444406916
2026-03-20 00:00:00+00:00,969246.7079004977,289046.59370550065
2026-03-23 00:00:00+00:00,977930.5090730998,292081.5804031622
2026-03-24 00:00:00+00:00,977853.1637528447,291101.11672554805
2026-03-25 00:00:00+00:00,978755.0282617826,292723.3324965539
2026-03-26 00:00:00+00:00,981732.468772529,287495.6655416733
2026-03-27 00:00:00+00:00,1001189.8586661,282593.31988213817
2026-03-30 00:00:00+00:00,1005058.788812574,281648.5000081133
2026-03-31 00:00:00+00:00,1002758.8339489611,289835.42080482724
2026-04-01 00:00:00+00:00,988820.5392328943,292019.1832932829
2026-04-02 00:00:00+00:00,989601.4754951878,292282.1347502132
2026-04-06 00:00:00+00:00,1002380.1614308669,293663.7071219292
2026-04-07 00:00:00+00:00,998202.9773558246,293792.9193188734
2026-04-08 00:00:00+00:00,1009057.5261581901,301275.7181837805
2026-04-09 00:00:00+00:00,1013042.8685784261,303013.78313431755
2026-04-10 00:00:00+00:00,1000877.2451785502,302813.2560587307
2026-04-13 00:00:00+00:00,999509.5834584748,305772.48262910004
2026-04-14 00:00:00+00:00,990690.9843346124,309498.2827840838
2026-04-15 00:00:00+00:00,983748.492540021,311940.52420935594
2026-04-16 00:00:00+00:00,990875.9374842346,312707.07052250626
2026-04-17 00:00:00+00:00,991325.7908804475,316486.35001860594
2026-04-20 00:00:00+00:00,995780.9636211274,315853.4611510494
2026-04-21 00:00:00+00:00,998080.8706561421,313785.6023850532
2026-04-22 00:00:00+00:00,1005929.3975474178,316963.2188400001
2026-04-23 00:00:00+00:00,1008777.5048826598,315733.1667228686
2026-04-24 00:00:00+00:00,1014038.5781942816,318179.8806682545
2026-04-27 00:00:00+00:00,1020270.3752495765,318728.0370968272
2026-04-28 00:00:00+00:00,1019875.4405933531,317177.1089329999
2026-04-29 00:00:00+00:00,1023666.9821420108,317128.1021119976
2026-04-30 00:00:00+00:00,996759.464159852,320283.41050930414
2026-05-01 00:00:00+00:00,995404.4264673314,321170.3057935635
2026-05-04 00:00:00+00:00,1002265.5326742838,319993.733017548
2026-05-05 00:00:00+00:00,1003579.7944093238,322560.7959340429
2026-05-06 00:00:00+00:00,1009913.7762426032,327044.1973619495
2026-05-07 00:00:00+00:00,999330.4287164998,326041.4528981589
2026-05-08 00:00:00+00:00,998936.1124564521,328733.28276294837
2026-05-11 00:00:00+00:00,995911.7365572128,329481.993538572
2026-05-12 00:00:00+00:00,993133.4201662701,328982.84393100155
2026-05-13 00:00:00+00:00,1013351.0776392844,330823.44958658505
2026-05-14 00:00:00+00:00,1011575.6123755067,333435.0740754326
2026-05-15 00:00:00+00:00,1017299.738633502,329424.06894880644
2026-05-18 00:00:00+00:00,1020880.8777001388,329192.31604681583
2026-05-19 00:00:00+00:00,1016034.16403809,326999.6357895968
2026-05-20 00:00:00+00:00,998143.3294933902,330351.05328530463
2026-05-21 00:00:00+00:00,988914.4283696387,331006.1683961093
2026-05-22 00:00:00+00:00,977832.7288964248,332307.53539188346
2026-05-26 00:00:00+00:00,971493.8874921581,334513.60593797953
2026-05-27 00:00:00+00:00,964054.9947590294,334455.6540767498
2026-05-28 00:00:00+00:00,965672.2718484447,336300.70498098293
2026-05-29 00:00:00+00:00,952882.6630225513,337138.5661727759
2026-06-01 00:00:00+00:00,943304.8829754166,338056.6327405108
2026-06-02 00:00:00+00:00,938749.101939997,338515.6932958423
2026-06-03 00:00:00+00:00,930533.2414169587,336140.266957635
2026-06-04 00:00:00+00:00,958737.4121800327,337410.4353984695
2026-06-05 00:00:00+00:00,933279.3791065543,328702.0842080087
2026-06-08 00:00:00+00:00,936473.4792219098,329446.32246351865
2026-06-09 00:00:00+00:00,918618.0804964595,328479.2490747815
2026-06-10 00:00:00+00:00,911694.9892852503,323300.58894090314
2026-06-11 00:00:00+00:00,914008.0582582416,328795.6798728277
2026-06-12 00:00:00+00:00,907087.4381261073,330573.88841853186
2026-06-15 00:00:00+00:00,926919.0820114849,336403.21841456526
2026-06-16 00:00:00+00:00,919799.048347263,334397.7294869842
2026-06-17 00:00:00+00:00,906249.6840068852,330221.8138168964
2026-06-18 00:00:00+00:00,918401.9207831803,333655.1275193208
2026-06-22 00:00:00+00:00,906005.1890108017,332605.121608231
2026-06-23 00:00:00+00:00,906609.5628763171,327775.0453285823
2026-06-24 00:00:00+00:00,903464.4588129942,327623.1160020361
2026-06-25 00:00:00+00:00,900258.3206139832,328096.73951920134
2026-06-26 00:00:00+00:00,911520.8225937185,325724.1494132613
2026-06-29 00:00:00+00:00,929692.5831460205,331090.40994873916
2026-06-30 00:00:00+00:00,927668.9279721449,333668.545079662
2026-07-01 00:00:00+00:00,943293.1599723729,333217.25689160125
2026-07-02 00:00:00+00:00,942551.5614472611,332779.3862638817
2026-07-06 00:00:00+00:00,945069.4323068006,335683.68810553727
2026-07-07 00:00:00+00:00,955463.5831455266,334088.55289839074
2026-07-08 00:00:00+00:00,946066.0955544527,333056.40979629173
2026-07-09 00:00:00+00:00,952428.2961470579,335875.8155701788
2026-07-10 00:00:00+00:00,943457.7981075709,337323.4939708929
2026-07-13 00:00:00+00:00,945326.0344216047,334740.8863198564
2026-07-14 00:00:00+00:00,942331.63959901,335929.43126861536
2026-07-15 00:00:00+00:00,959699.3745112569,337260.9332322289
2026-07-16 00:00:00+00:00,962525.2424869192,335433.4451508814
2026-07-17 00:00:00+00:00,961577.0430410329,332113.6080106108
